KeyTiempo,KeyCliente,KeyEmpleado,KeyTransporte,KeyProducto,NumeroPedido,MontoVenta,CantidadUnidades,MontoFlete
14437,1728,5,60,1397,10248,168,12,14.2222
14437,1728,5,60,1428,10248,100,10,11.8519
14437,1728,5,60,1458,10248,175,5,5.9259
14438,1717,6,58,1400,10249,171,9,2.2041
14438,1717,6,58,1437,10249,1680,40,9.7959
14439,1672,4,59,1427,10250,80,10,11
14439,1672,4,59,1437,10250,1470,35,38.5
14439,1672,4,59,1451,10250,255,15,16.5
14440,1722,3,58,1408,10251,102,6,6
14440,1722,3,58,1443,10251,240,15,15
14440,1722,3,58,1451,10251,340,20,20
14441,1714,4,59,1406,10252,2600,40,19.4286
14441,1714,4,59,1419,10252,50,25,12.1429
14441,1714,4,59,1446,10252,1080,40,19.4286
14442,1672,3,59,1417,10253,200,20,11.3725
14442,1672,3,59,1425,10253,588,42,23.8824
14442,1672,3,59,1435,10253,640,40,22.7451
14443,1652,5,59,1410,10254,60,15,6.0526
14443,1652,5,59,1441,10254,399,21,8.4737
14443,1652,5,59,1460,10254,168,21,8.4737
14444,1706,9,60,1388,10255,300,20,26.9091
14444,1706,9,60,1402,10255,490,35,47.0909
14444,1706,9,60,1422,10255,375,25,33.6364
14444,1706,9,60,1445,10255,1320,30,40.3636
14445,1726,3,59,1439,10256,390,15,7.7778
14445,1726,3,59,1463,10256,120,12,6.2222
14446,1673,4,60,1413,10257,875,25,44.5652
14446,1673,4,60,1425,10257,84,6,10.6957
14446,1673,4,60,1463,10257,150,15,26.7391
14447,1658,1,58,1388,10258,750,50,58.2645
14447,1658,1,58,1391,10258,1105,65,75.7438
14447,1658,1,58,1418,10258,156,6,6.9917
14448,1651,4,60,1407,10259,80,10,2.7273
14448,1651,4,60,1423,10259,21,1,0.2727
14449,1694,4,58,1427,10260,128,16,8.6275
14449,1694,4,58,1443,10260,800,50,26.9608
14449,1694,4,58,1448,10260,585,15,8.0882
14449,1694,4,58,1456,10260,252,21,11.3235
14450,1699,4,59,1407,10261,160,20,1.5
14450,1699,4,59,1421,10261,280,20,1.5
14451,1703,8,60,1391,10262,204,12,19.8621
14451,1703,8,60,1393,10262,360,15,24.8276
14451,1703,8,60,1442,10262,60,2,3.3103
14452,1658,9,60,1402,10263,840,60,47.6087
14452,1658,9,60,1410,10263,112,28,22.2174
14452,1658,9,60,1416,10263,1260,60,47.6087
14452,1658,9,60,1460,10263,288,36,28.5652
14453,1662,6,60,1388,10264,525,35,2.3333
14453,1662,6,60,1427,10264,200,25,1.6667
14454,1645,2,58,1403,10265,930,30,33
14454,1645,2,58,1456,10265,240,20,22
14455,1725,3,60,1398,10266,360,12,26
14456,1663,4,58,1426,10267,750,50,77.4074
14456,1663,4,58,1445,10267,3080,70,108.3704
14456,1663,4,58,1462,10267,210,15,23.2222
14457,1671,8,60,1415,10268,990,10,47.1429
14457,1671,8,60,1458,10268,112,4,18.8571
14458,1727,5,58,1419,10269,120,60,3.75
14458,1727,5,58,1458,10269,560,20,1.25
14459,1725,1,58,1422,10270,450,30,74.7273
14459,1725,1,58,1429,10270,925,25,62.2727
14460,1713,6,59,1419,10271,48,24,5
14461,1703,6,59,1406,10272,390,6,8.4
14461,1703,6,59,1417,10272,400,40,56
14461,1703,6,59,1458,10272,672,24,33.6
14462,1701,3,60,1396,10273,600,24,12
14462,1701,3,60,1417,10273,150,15,7.5
14462,1701,3,60,1419,10273,40,20,10
14462,1701,3,60,1426,10273,900,60,30
14462,1701,3,60,1462,10273,462,33,16.5
14463,1723,6,58,1457,10274,340,20,4.4444
14463,1723,6,58,1458,10274,196,7,1.5556
14464,1687,1,58,1410,10275,48,12,18
14464,1687,1,58,1445,10275,264,6,9
14465,1718,8,60,1396,10276,375,15,8.4
14465,1718,8,60,1399,10276,50,10,5.6
14466,1690,2,60,1414,10277,720,20,78.75
14466,1690,2,60,1448,10277,468,12,47.25
14467,1643,8,59,1430,10278,256,16,23.25
14467,1643,8,59,1445,10278,660,15,21.7969
14467,1643,8,59,1449,10278,280,8,11.625
14467,1643,8,59,1459,10278,300,25,36.3281
14468,1682,8,59,1403,10279,465,15,26
14469,1643,2,58,1410,10280,48,12,1.7419
14469,1643,2,58,1441,10280,380,20,2.9032
14469,1643,2,58,1461,10280,180,30,4.3548
14470,1707,4,58,1405,10281,7,1,0.2727
14470,1707,4,58,1410,10281,24,6,1.6364
14470,1707,4,58,1421,10281,56,4,1.0909
14471,1707,4,58,1416,10282,126,6,9.75
14471,1707,4,58,1443,10282,32,2,3.25
14472,1684,3,60,1401,10283,240,20,22.3684
14472,1684,3,60,1405,10283,126,18,20.1316
14472,1684,3,60,1446,10283,945,35,39.1447
14472,1684,3,60,1458,10283,84,3,3.3553
14473,1682,4,58,1413,10284,525,15,18.9344
14473,1682,4,58,1430,10284,336,21,26.5082
14473,1682,4,58,1446,10284,540,20,25.2459
14473,1682,4,58,1453,10284,55,5,6.3115
14474,1701,1,59,1387,10285,630,45,28.6364
14474,1701,1,59,1426,10285,600,40,25.4545
14474,1701,1,59,1439,10285,936,36,22.9091
14475,1701,8,60,1421,10286,1400,100,163.5714
14475,1701,8,60,1448,10286,1560,40,65.4286
14476,1705,8,60,1402,10287,560,40,6.9333
14476,1705,8,60,1420,10287,220,20,3.4667
14476,1705,8,60,1432,10287,150,15,2.6
14477,1704,4,58,1440,10288,60,10,5.3846
14477,1704,4,58,1454,10288,30,3,1.6154
14478,1649,7,60,1389,10289,240,30,17.6923
14478,1649,7,60,1450,10289,243,9,5.3077
14479,1653,8,58,1391,10290,340,20,26.6667
14479,1653,8,58,1415,10290,1485,15,20
14479,1653,8,58,1435,10290,240,15,20
14479,1653,8,58,1463,10290,100,10,13.3333
14480,1699,6,59,1399,10291,100,20,2.6087
14480,1699,6,59,1430,10291,384,24,3.1304
14480,1699,6,59,1437,10291,84,2,0.2609
14481,1719,1,59,1406,10292,1300,20,1
14482,1718,1,60,1404,10293,600,12,7.6364
14482,1718,1,60,1410,10293,40,10,6.3636
14482,1718,1,60,1449,10293,175,5,3.1818
14482,1718,1,60,1461,10293,36,6,3.8182
14483,1703,4,59,1387,10294,252,18,35.28
14483,1703,4,59,1403,10294,465,15,29.4
14483,1703,4,59,1429,10294,555,15,29.4
14483,1703,4,59,1446,10294,567,21,41.16
14483,1703,4,59,1461,10294,36,6,11.76
14484,1723,2,59,1442,10295,120,4,1
14485,1684,6,58,1397,10296,204,12,0
14485,1684,6,58,1402,10296,420,30,0
14485,1684,6,58,1455,10296,435,15,0
14486,1645,5,59,1425,10297,840,60,4.5
14486,1645,5,59,1458,10297,560,20,1.5
14487,1675,6,59,1388,10298,600,40,53.76
14487,1675,6,59,1422,10298,600,40,53.76
14487,1675,6,59,1445,10298,1320,30,40.32
14487,1675,6,59,1448,10298,585,15,20.16
14488,1705,4,59,1405,10299,105,15,12.8571
14488,1705,4,59,1456,10299,240,20,17.1429
14489,1687,2,59,1452,10300,420,30,10.8
14489,1687,2,59,1454,10300,200,20,7.2
14490,1724,8,59,1426,10301,150,10,15
14490,1724,8,59,1442,10301,600,20,30
14491,1714,4,59,1403,10302,1240,40,3
14491,1714,4,59,1414,10302,1008,28,2.1
14491,1714,4,59,1429,10302,444,12,0.9
14492,1668,7,59,1426,10303,600,40,50.8235
14492,1668,7,59,1451,10303,510,30,38.1176
14492,1668,7,59,1454,10303,150,15,19.0588
14493,1718,1,59,1435,10304,480,30,45.7143
14493,1718,1,59,1445,10304,440,10,15.2381
14493,1718,1,59,1457,10304,34,2,3.0476
14494,1693,8,60,1404,10305,1250,25,80.625
14494,1693,8,60,1415,10305,2475,25,80.625
14494,1693,8,60,1425,10305,420,30,96.75
14495,1707,1,60,1416,10306,210,10,3.2
14495,1707,1,60,1439,10306,260,10,3.2
14495,1707,1,60,1440,10306,30,5,1.6
14496,1686,2,59,1448,10307,390,10,0.7692
14496,1686,2,59,1454,10307,30,3,0.2308
14497,1640,7,60,1455,10308,29,1,0.3333
14497,1640,7,60,1456,10308,60,5,1.6667
14498,1675,3,58,1390,10309,360,20,12.5333
14498,1675,3,58,1392,10309,600,30,18.8
14498,1675,3,58,1428,10309,22,2,1.2533
14498,1675,3,58,1429,10309,740,20,12.5333
14498,1675,3,58,1457,10309,51,3,1.88
14499,1715,8,59,1402,10310,140,10,12
14499,1715,8,59,1448,10310,195,5,6
14500,1656,1,60,1428,10311,66,6,11.5385
14500,1656,1,60,1455,10311,203,7,13.4615
14501,1724,2,59,1414,10312,144,4,2.7586
14501,1724,2,59,1429,10312,888,24,16.5517
14501,1724,2,59,1439,10312,520,20,13.7931
14501,1724,2,59,1461,10312,60,10,6.8966
14502,1701,2,59,1422,10313,180,12,2
14503,1703,1,59,1418,10314,1040,40,31.1579
14503,1703,1,59,1444,10314,330,30,23.3684
14503,1703,1,59,1448,10314,975,25,19.4737
14504,1676,4,59,1420,10315,154,14,13.3636
14504,1676,4,59,1456,10315,360,30,28.6364
14505,1703,1,60,1427,10316,80,10,18.75
14505,1703,1,60,1448,10316,2730,70,131.25
14506,1686,6,58,1387,10317,280,20,13
14507,1676,8,59,1427,10318,160,20,3.8462
14507,1676,8,59,1462,10318,84,6,1.1538
14508,1718,7,60,1403,10319,248,8,10
14508,1718,7,60,1414,10319,504,14,17.5
14508,1718,7,60,1462,10319,420,30,37.5
14509,1725,5,60,1457,10320,510,30,35
14510,1676,3,59,1421,10321,140,10,3
14511,1696,7,60,1438,10322,120,20,0
14512,1677,4,58,1401,10323,60,5,1.9231
14512,1677,4,58,1411,10323,44,4,1.5385
14512,1677,4,58,1425,10323,56,4,1.5385
14513,1709,9,58,1402,10324,294,21,18.6473
14513,1709,9,58,1421,10324,980,70,62.1577
14513,1709,9,58,1432,10324,300,30,26.639
14513,1709,9,58,1445,10324,1760,40,35.5187
14513,1709,9,58,1449,10324,2800,80,71.0373
14514,1677,1,60,1392,10325,120,6,5.493
14514,1677,1,60,1399,10325,60,12,10.9859
14514,1677,1,60,1400,10325,171,9,8.2394
14514,1677,1,60,1417,10325,40,4,3.662
14514,1677,1,60,1458,10325,1120,40,36.6197
14515,1646,4,59,1390,10326,432,24,20.8
14515,1646,4,59,1443,10326,256,16,13.8667
14515,1646,4,59,1461,10326,300,50,43.3333
14516,1662,2,58,1388,10327,375,25,11.25
14516,1662,2,58,1397,10327,850,50,22.5
14516,1662,2,58,1416,10327,735,35,15.75
14516,1662,2,58,1444,10327,330,30,13.5
14517,1666,4,60,1445,10328,396,9,13.2712
14517,1666,4,60,1451,10328,680,40,58.9831
14517,1666,4,60,1454,10328,100,10,14.7458
14518,1713,4,59,1405,10329,70,10,38.4
14518,1713,4,59,1416,10329,168,8,30.72
14518,1713,4,59,1424,10329,4220,20,76.8
14518,1713,4,59,1442,10329,360,12,46.08
14519,1684,3,58,1412,10330,1250,50,8.6667
14519,1684,3,58,1458,10330,700,25,4.3333
14520,1647,9,58,1440,10331,90,15,10
14521,1689,3,59,1404,10332,2000,40,32.1212
14521,1689,3,59,1428,10332,110,10,8.0303
14521,1689,3,59,1433,10332,128,16,12.8485
14522,1725,5,60,1400,10333,190,10,0.1667
14522,1725,5,60,1407,10333,80,10,0.1667
14522,1725,5,60,1457,10333,680,40,0.6667
14523,1722,8,59,1438,10334,48,8,4
14523,1722,8,59,1454,10334,100,10,5
14524,1675,7,59,1388,10335,105,7,3.4186
14524,1675,7,59,1417,10335,250,25,12.2093
14524,1675,7,59,1418,10335,156,6,2.9302
14524,1675,7,59,1437,10335,2016,48,23.4419
14525,1698,7,59,1390,10336,324,18,16
14526,1663,4,60,1409,10337,280,40,31.5328
14526,1663,4,60,1412,10337,600,24,18.9197
14526,1663,4,60,1422,10337,300,20,15.7664
14526,1663,4,60,1423,10337,588,28,22.073
14526,1663,4,60,1458,10337,700,25,19.708
14527,1693,4,60,1403,10338,620,20,48
14527,1693,4,60,1416,10338,315,15,36
14528,1689,2,59,1390,10339,180,10,1.4815
14528,1689,2,59,1403,10339,2170,70,10.3704
14528,1689,2,59,1448,10339,1092,28,4.1481
14529,1647,1,60,1404,10340,1000,20,46.1111
14529,1647,1,60,1427,10340,96,12,27.6667
14529,1647,1,60,1429,10340,1480,40,92.2222
14530,1711,7,60,1419,10341,16,8,12.7059
14530,1711,7,60,1445,10341,396,9,14.2941
14531,1663,4,59,1388,10342,360,24,8.25
14531,1663,4,59,1417,10342,560,56,19.25
14531,1663,4,59,1422,10342,600,40,13.75
14531,1663,4,59,1441,10342,760,40,13.75
14532,1682,4,58,1450,10343,1350,50,79.7101
14532,1682,4,58,1454,10343,40,4,6.3768
14532,1682,4,58,1462,10343,210,15,23.913
14533,1727,4,59,1390,10344,630,35,7.6667
14533,1727,4,59,1394,10344,2240,70,15.3333
14534,1701,2,59,1394,10345,2240,70,109.6226
14534,1701,2,59,1405,10345,560,80,125.283
14534,1701,2,59,1428,10345,99,9,14.0943
14535,1703,3,60,1403,10346,1116,36,91.2857
14535,1703,3,60,1442,10346,600,20,50.7143
14536,1659,4,60,1411,10347,110,10,0.4286
14536,1659,4,60,1425,10347,700,50,2.1429
14536,1659,4,60,1426,10347,60,4,0.1714
14536,1659,4,60,1461,10347,36,6,0.2571
14537,1724,4,59,1387,10348,210,15,0.375
14537,1724,4,59,1409,10348,175,25,0.625
14538,1713,7,58,1440,10349,144,24,9
14539,1679,6,59,1436,10350,195,15,29.0909
14539,1679,6,59,1455,10350,522,18,34.9091
14540,1658,1,58,1424,10351,4220,20,27
14540,1658,1,58,1427,10351,104,13,17.55
14540,1658,1,58,1430,10351,1232,77,103.95
14540,1658,1,58,1451,10351,170,10,13.5
14541,1666,3,60,1410,10352,40,10,0.3333
14541,1666,3,60,1440,10352,120,20,0.6667
14542,1697,7,60,1397,10353,204,12,69.871
14542,1697,7,60,1424,10353,10550,50,291.129
14543,1696,8,60,1387,10354,168,12,40.5
14543,1696,8,60,1415,10354,396,4,13.5
14544,1642,6,58,1410,10355,100,25,21
14544,1642,6,58,1443,10355,400,25,21
14545,1724,6,59,1417,10356,300,30,17.9032
14545,1724,6,59,1441,10356,228,12,7.1613
14545,1724,6,59,1455,10356,580,20,11.9355
14546,1684,1,60,1396,10357,750,30,19.4444
14546,1684,1,60,1412,10357,400,16,10.3704
14546,1684,1,60,1446,10357,216,8,5.1852
14547,1679,5,58,1410,10358,40,10,5
14547,1679,5,58,1420,10358,110,10,5
14547,1679,5,58,1422,10358,300,20,10
14548,1710,5,60,1402,10359,784,56,78.2913
14548,1710,5,60,1417,10359,700,70,97.8641
14548,1710,5,60,1446,10359,2160,80,111.8447
14549,1645,4,60,1414,10360,1080,30,28.6957
14549,1645,4,60,1415,10360,3465,35,33.4783
14549,1645,4,60,1424,10360,2110,10,9.5652
14549,1645,4,60,1435,10360,560,35,33.4783
14549,1645,4,60,1440,10360,168,28,26.7826
14550,1701,1,59,1425,10361,756,54,90.6606
14550,1701,1,59,1446,10361,1485,55,92.3394
14551,1647,3,58,1411,10362,550,50,51.0638
14551,1647,3,58,1437,10362,840,20,20.4255
14551,1647,3,58,1440,10362,144,24,24.5106
14552,1655,4,60,1417,10363,200,20,14.0909
14552,1655,4,60,1461,10363,72,12,8.4545
14552,1655,4,60,1462,10363,168,12,8.4545
14553,1657,1,58,1455,10364,870,30,61.7143
14553,1657,1,58,1457,10364,85,5,10.2857
14554,1641,3,59,1397,10365,408,24,22
14555,1667,8,59,1451,10366,85,5,5
14555,1667,8,59,1463,10366,50,5,5
14556,1721,7,60,1420,10367,396,36,6.6316
14556,1721,7,60,1440,10367,108,18,3.3158
14556,1721,7,60,1451,10367,255,15,2.7632
14556,1721,7,60,1463,10367,70,7,1.2895
14557,1658,2,59,1407,10368,40,5,6.5385
14557,1658,2,59,1414,10368,468,13,17
14557,1658,2,59,1443,10368,400,25,32.6923
14557,1658,2,59,1450,10368,945,35,45.7692
14558,1652,6,59,1387,10370,210,15,0.2308
14558,1652,6,59,1450,10370,810,30,0.4615
14558,1652,6,59,1460,10370,160,20,0.3077
14558,1679,1,58,1422,10371,90,6,0
14558,1713,8,59,1415,10369,1980,20,103.1579
14558,1713,8,59,1442,10369,540,18,92.8421
14559,1675,4,60,1444,10373,880,80,76.3077
14559,1675,4,60,1457,10373,850,50,47.6923
14559,1700,5,59,1406,10372,780,12,65.1951
14559,1700,5,59,1424,10372,8440,40,217.3171
14559,1700,5,59,1446,10372,1890,70,380.3049
14559,1700,5,59,1458,10372,1176,42,228.1829
14560,1729,1,60,1417,10374,300,30,2.6667
14560,1729,1,60,1444,10374,165,15,1.3333
14561,1674,3,59,1400,10375,285,15,12
14561,1674,3,59,1440,10375,60,10,8
14562,1689,1,59,1417,10376,420,42,20
14563,1710,1,60,1414,10377,720,20,11
14563,1710,1,60,1425,10377,280,20,11
14564,1662,5,60,1457,10378,102,6,5
14565,1699,2,58,1427,10379,64,8,8.1818
14565,1699,2,58,1449,10379,560,16,16.3636
14565,1699,2,58,1451,10379,340,20,20.4545
14566,1675,8,60,1416,10380,378,18,8.5135
14566,1675,8,60,1439,10380,520,20,9.4595
14566,1675,8,60,1446,10380,162,6,2.8378
14566,1675,8,60,1456,10380,360,30,14.1892
14567,1684,3,60,1460,10381,112,14,8
14568,1658,4,58,1391,10382,544,32,18.4242
14568,1658,4,58,1404,10382,450,9,5.1818
14568,1658,4,58,1415,10382,1386,14,8.0606
14568,1658,4,58,1419,10382,120,60,34.5455
14568,1658,4,58,1460,10382,400,50,28.7879
14569,1642,8,60,1399,10383,100,20,12.3636
14569,1642,8,60,1436,10383,195,15,9.2727
14569,1642,8,60,1442,10383,600,20,12.3636
14570,1643,3,60,1406,10384,1820,28,110.0465
14570,1643,3,60,1446,10384,405,15,58.9535
14571,1713,1,59,1393,10385,240,10,8.1579
14571,1713,1,59,1446,10385,540,20,16.3158
14571,1713,1,59,1454,10385,80,8,6.5263
14572,1659,9,60,1410,10386,60,15,8.4
14572,1659,9,60,1420,10386,110,10,5.6
14573,1708,1,59,1410,10387,60,15,29.375
14573,1708,1,59,1414,10387,216,6,11.75
14573,1708,1,59,1445,10387,528,12,23.5
14573,1708,1,59,1457,10387,255,15,29.375
14574,1710,2,58,1431,10388,120,15,7
14574,1710,2,58,1438,10388,120,20,9.3333
14574,1710,2,58,1439,10388,1040,40,18.6667
14575,1648,4,59,1396,10389,400,16,9.284
14575,1648,4,59,1441,10389,285,15,8.7037
14575,1648,4,59,1448,10389,780,20,11.6049
14575,1648,4,59,1456,10389,360,30,17.4074
14576,1658,6,58,1417,10390,600,60,44.7337
14576,1658,6,58,1421,10390,560,40,29.8225
14576,1658,6,58,1432,10390,450,45,33.5503
14576,1658,6,58,1458,10390,672,24,17.8935
14577,1655,3,60,1399,10391,90,18,5
14578,1697,2,60,1455,10392,1450,50,122
14579,1709,1,60,1388,10393,375,25,18.0398
14579,1709,1,60,1400,10393,798,42,30.3068
14579,1709,1,60,1411,10393,77,7,5.0511
14579,1709,1,60,1412,10393,1750,70,50.5114
14579,1709,1,60,1417,10393,320,32,23.0909
14580,1674,1,60,1399,10394,50,10,15
14580,1674,1,60,1448,10394,390,10,15
14581,1673,6,58,1432,10395,280,28,48.6038
14581,1673,6,58,1439,10395,1820,70,121.5094
14581,1673,6,58,1455,10395,232,8,13.8868
14582,1663,1,60,1409,10396,280,40,44.6281
14582,1663,1,60,1457,10396,1020,60,66.9421
14582,1663,1,60,1458,10396,588,21,23.4298
14583,1698,5,58,1407,10397,80,10,21.4286
14583,1698,5,58,1437,10397,756,18,38.5714
14584,1709,2,60,1421,10398,420,30,17.8
14584,1709,2,60,1441,10398,2280,120,71.2
14585,1721,8,60,1454,10399,600,60,11.6547
14585,1721,8,60,1457,10399,510,30,5.8273
14585,1721,8,60,1462,10399,490,35,6.7986
14585,1721,8,60,1463,10399,140,14,2.7194
14586,1657,1,60,1415,10400,2079,21,20.5116
14586,1657,1,60,1421,10400,490,35,34.186
14586,1657,1,60,1435,10400,480,30,29.3023
14587,1703,1,58,1416,10401,378,18,1.3929
14587,1703,1,58,1442,10401,2100,70,5.4167
14587,1703,1,58,1451,10401,340,20,1.5476
14587,1703,1,58,1457,10401,1020,60,4.6429
14588,1658,8,59,1409,10402,420,60,32.64
14588,1658,8,59,1449,10402,2275,65,35.36
14589,1658,4,60,1402,10403,294,21,17.0769
14589,1658,4,60,1434,10403,700,70,56.9231
14590,1687,2,58,1412,10404,750,30,46.8
14590,1687,2,58,1428,10404,440,40,62.4
14590,1687,2,58,1435,10404,480,30,46.8
14591,1685,1,58,1389,10405,400,50,35
14592,1700,7,58,1387,10406,140,10,12.1348
14592,1700,7,58,1407,10406,240,30,36.4045
14592,1700,7,58,1414,10406,1512,42,50.9663
14592,1700,7,58,1422,10406,75,5,6.0674
14592,1700,7,58,1426,10406,30,2,2.427
14593,1694,2,59,1397,10407,510,30,45.5
14593,1694,2,59,1455,10407,435,15,22.75
14593,1694,2,59,1457,10407,255,15,22.75
14594,1661,8,58,1423,10408,210,10,2.1569
14594,1661,8,58,1440,10408,36,6,1.2941
14594,1661,8,58,1448,10408,1365,35,7.549
14595,1692,3,58,1400,10409,228,12,15
14595,1692,3,58,1407,10409,96,12,15
14596,1648,3,60,1419,10410,98,49,1.5077
14596,1648,3,60,1445,10410,704,16,0.4923
14597,1648,9,60,1427,10411,200,25,8.1081
14597,1648,9,60,1430,10411,640,40,12.973
14597,1648,9,60,1445,10411,396,9,2.9189
14598,1725,8,59,1400,10412,380,20,4
14599,1679,3,59,1387,10413,336,24,29.5385
14599,1679,3,59,1448,10413,1560,40,49.2308
14599,1679,3,59,1462,10413,196,14,17.2308
14600,1659,2,60,1405,10414,126,18,5.5588
14600,1659,2,60,1419,10414,100,50,15.4412
14601,1674,3,58,1403,10415,62,2,0
14601,1674,3,58,1419,10415,40,20,0
14602,1725,8,60,1405,10416,140,20,9.2
14602,1725,8,60,1439,10416,260,10,4.6
14602,1725,8,60,1443,10416,320,20,9.2
14603,1711,4,60,1424,10417,10550,50,28.4553
14603,1711,4,60,1432,10417,20,2,1.1382
14603,1711,4,60,1454,10417,360,36,20.4878
14603,1711,4,60,1463,10417,350,35,19.9187
14604,1701,4,58,1388,10418,900,60,7.3973
14604,1701,4,58,1433,10418,440,55,6.7808
14604,1701,4,58,1447,10418,368,16,1.9726
14604,1701,4,58,1460,10418,120,15,1.8493
14605,1706,4,59,1446,10419,1620,60,102.75
14605,1706,4,59,1455,10419,580,20,34.25
14606,1726,3,58,1395,10420,1560,20,17.6
14606,1726,3,58,1399,10420,10,2,1.76
14606,1726,3,58,1456,10420,96,8,7.04
14606,1726,3,58,1459,10420,240,20,17.6
14607,1699,8,58,1405,10421,28,4,6.7119
14607,1699,8,58,1412,10421,750,30,50.339
14607,1699,8,58,1439,10421,390,15,25.1695
14607,1699,8,58,1463,10421,100,10,16.7797
14608,1665,2,58,1412,10422,50,2,3
14609,1669,6,60,1417,10423,140,14,10.2941
14609,1669,6,60,1445,10423,880,20,14.7059
14610,1689,7,59,1421,10424,840,60,160.1439
14610,1689,7,59,1424,10424,10339,49,130.7842
14610,1689,7,59,1454,10424,300,30,80.0719
14611,1679,6,59,1441,10425,190,10,2.6667
14611,1679,6,59,1462,10425,280,20,5.3333
14612,1667,4,58,1442,10426,150,5,7.9167
14612,1667,4,58,1450,10426,189,7,11.0833
14613,1697,4,59,1400,10427,665,35,31
14614,1704,7,58,1432,10428,200,20,11
14615,1675,3,59,1436,10429,520,40,30.4
14615,1675,3,59,1449,10429,1225,35,26.6
14616,1658,4,58,1403,10430,1395,45,105.9231
14616,1658,4,58,1407,10430,400,50,117.6923
14616,1658,4,58,1442,10430,900,30,70.6154
14616,1658,4,58,1445,10430,3080,70,164.7692
14617,1648,4,59,1403,10431,1550,50,16.9231
14617,1648,4,59,1426,10431,750,50,16.9231
14617,1648,4,59,1433,10431,240,30,10.1538
14618,1713,3,59,1412,10432,250,10,0.8
14618,1713,3,59,1440,10432,240,40,3.2
14619,1698,3,60,1442,10433,840,28,74
14620,1662,3,59,1397,10434,102,6,4.5
14620,1662,3,59,1462,10434,252,18,13.5
14621,1654,8,59,1388,10435,150,10,2.8125
14621,1654,8,59,1408,10435,204,12,3.375
14621,1654,8,59,1458,10435,280,10,2.8125
14622,1645,3,59,1432,10436,50,5,7.9293
14622,1645,3,59,1442,10436,1200,40,63.4343
14622,1645,3,59,1450,10436,810,30,47.5758
14622,1645,3,59,1461,10436,144,24,38.0606
14623,1725,8,58,1439,10437,390,15,20
14624,1717,3,59,1405,10438,105,15,2.4
14624,1717,3,59,1420,10438,220,20,3.2
14624,1717,3,59,1443,10438,240,15,2.4
14625,1689,6,60,1398,10439,450,15,0.8955
14625,1689,6,60,1402,10439,224,16,0.9552
14625,1689,6,60,1450,10439,162,6,0.3582
14625,1689,6,60,1460,10439,240,30,1.791
14626,1709,4,59,1388,10440,675,45,18.8221
14626,1709,4,59,1402,10440,686,49,20.4952
14626,1709,4,59,1415,10440,2376,24,10.0385
14626,1709,4,59,1447,10440,2070,90,37.6442
14627,1693,3,59,1413,10441,1750,50,73
14628,1658,3,59,1397,10442,510,30,8.4706
14628,1658,3,59,1440,10442,480,80,22.5882
14628,1658,3,59,1452,10442,840,60,16.9412
14629,1704,8,58,1397,10443,102,6,4.6667
14629,1704,8,58,1414,10443,432,12,9.3333
14630,1643,3,60,1403,10444,310,10,0.6349
14630,1643,3,60,1412,10444,375,15,0.9524
14630,1643,3,60,1421,10444,112,8,0.5079
14630,1643,3,60,1427,10444,240,30,1.9048
14631,1643,3,58,1425,10445,84,6,2.5714
14631,1643,3,58,1440,10445,90,15,6.4286
14632,1717,6,58,1405,10446,84,12,3.6
14632,1717,6,58,1410,10446,80,20,6
14632,1717,6,58,1417,10446,30,3,0.9
14632,1717,6,58,1438,10446,90,15,4.5
14633,1705,4,59,1405,10447,280,40,35.8442
14633,1705,4,59,1451,10447,595,35,31.3636
14633,1705,4,59,1457,10447,34,2,1.7922
14634,1702,4,59,1412,10448,150,6,9
14634,1702,4,59,1426,10448,300,20,30
14635,1645,3,59,1396,10449,350,14,10.7536
14635,1645,3,59,1438,10449,120,20,15.3623
14635,1645,3,59,1448,10449,1365,35,26.8841
14636,1722,8,59,1396,10450,500,20,5.3846
14636,1722,8,59,1440,10450,36,6,1.6154
14637,1701,4,60,1441,10451,2280,120,95.2941
14637,1701,4,60,1450,10451,945,35,27.7941
14637,1701,4,60,1451,10451,476,28,22.2353
14637,1701,4,60,1463,10451,550,55,43.6765
14638,1709,8,58,1414,10452,540,15,18.2609
14638,1709,8,58,1430,10452,1600,100,121.7391
14639,1642,1,59,1434,10453,150,15,9.375
14639,1642,1,59,1456,10453,300,25,15.625
14640,1679,4,60,1402,10454,280,20,1.2
14640,1679,4,60,1419,10454,40,20,1.2
14640,1679,4,60,1432,10454,100,10,0.6
14641,1725,8,59,1425,10455,280,20,28.8
14641,1725,8,59,1439,10455,1300,50,72
14641,1725,8,59,1447,10455,575,25,36
14641,1725,8,59,1457,10455,510,30,43.2
14642,1677,8,59,1407,10456,320,40,5.2459
14642,1677,8,59,1435,10456,336,21,2.7541
14643,1677,2,58,1445,10457,1584,36,12
14644,1714,7,60,1412,10458,750,30,30.4138
14644,1714,7,60,1414,10458,1080,30,30.4138
14644,1714,7,60,1429,10458,740,20,20.2759
14644,1714,7,60,1442,10458,450,15,15.2069
14644,1714,7,60,1457,10458,850,50,50.6897
14645,1722,4,59,1393,10459,384,16,5.2632
14645,1722,4,59,1432,10459,200,20,6.5789
14645,1722,4,59,1458,10459,1120,40,13.1579
14646,1662,8,58,1454,10460,210,21,13.44
14646,1662,8,58,1461,10460,24,4,2.56
14647,1684,1,60,1407,10461,320,40,46.5625
14647,1684,1,60,1416,10461,588,28,32.5938
14647,1684,1,60,1441,10461,1140,60,69.8438
14648,1654,2,58,1399,10462,5,1,0.2727
14648,1654,2,58,1409,10462,147,21,5.7273
14649,1714,5,60,1405,10463,147,21,4.4366
14649,1714,5,60,1428,10463,550,50,10.5634
14650,1666,4,59,1390,10464,288,16,20.6377
14650,1666,4,59,1429,10464,111,3,3.8696
14650,1666,4,59,1442,10464,900,30,38.6957
14650,1666,4,59,1446,10464,540,20,25.7971
14651,1721,1,60,1410,10465,100,25,30.7203
14651,1721,1,60,1415,10465,1782,18,22.1186
14651,1721,1,60,1426,10465,300,20,24.5763
14651,1721,1,60,1431,10465,240,30,36.8644
14651,1721,1,60,1436,10465,325,25,30.7203
14652,1653,4,58,1397,10466,170,10,8
14652,1653,4,58,1432,10466,50,5,4
14653,1687,8,59,1410,10467,112,28,3.5
14653,1687,8,59,1411,10467,132,12,1.5
14654,1677,3,60,1416,10468,168,8,15.3043
14654,1677,3,60,1429,10468,555,15,28.6957
14655,1727,1,58,1388,10469,600,40,31.1688
14655,1727,1,58,1402,10469,490,35,27.2727
14655,1727,1,58,1430,10469,32,2,1.5584
14656,1647,4,59,1404,10470,1500,30,36.7925
14656,1647,4,59,1409,10470,105,15,18.3962
14656,1647,4,59,1450,10470,216,8,9.8113
14657,1649,2,60,1393,10471,720,30,27.6
14657,1649,2,60,1442,10471,600,20,18.4
14658,1710,8,58,1410,10472,320,80,3.2653
14658,1710,8,58,1437,10472,756,18,0.7347
14659,1676,1,60,1419,10473,24,12,8
14659,1676,1,60,1457,10473,204,12,8
14660,1696,5,59,1400,10474,228,12,16.3279
14660,1696,5,59,1414,10474,648,18,24.4918
14660,1696,5,59,1426,10474,315,21,28.5738
14660,1696,5,59,1461,10474,60,10,13.6066
14661,1714,9,58,1417,10475,350,35,17.6277
14661,1714,9,58,1452,10475,840,60,30.219
14661,1714,9,58,1462,10475,588,42,21.1533
14662,1673,8,60,1441,10476,38,2,0.5714
14662,1673,8,60,1456,10476,144,12,3.4286
14663,1698,5,59,1387,10477,210,15,3.4821
14663,1698,5,59,1407,10477,168,21,4.875
14663,1698,5,59,1425,10477,280,20,4.6429
14664,1722,2,60,1396,10478,500,20,5
14665,1703,3,60,1424,10479,6330,30,143.7162
14665,1703,3,60,1439,10479,728,28,134.1351
14665,1703,3,60,1445,10479,2640,60,287.4324
14665,1703,3,60,1450,10479,810,30,143.7162
14666,1661,6,59,1433,10480,240,30,0.7143
14666,1661,6,59,1445,10480,528,12,0.2857
14667,1705,8,59,1435,10481,384,24,24
14667,1705,8,59,1446,10481,1080,40,40
14668,1681,1,60,1426,10482,150,10,7
14669,1727,7,59,1420,10483,385,35,8.0769
14669,1727,7,59,1463,10483,300,30,6.9231
14670,1649,3,60,1407,10484,112,14,3.6296
14670,1649,3,60,1426,10484,150,10,2.5926
14670,1649,3,60,1437,10484,126,3,0.7778
14671,1685,4,59,1388,10485,300,20,9.8462
14671,1685,4,59,1389,10485,160,20,9.8462
14671,1685,4,59,1441,10485,570,30,14.7692
14671,1685,4,59,1456,10485,720,60,29.5385
14672,1673,1,59,1397,10486,85,5,3.3696
14672,1673,1,59,1437,10486,1050,25,16.8478
14672,1673,1,59,1460,10486,128,16,10.7826
14673,1700,2,59,1405,10487,35,5,6.0169
14673,1700,2,59,1412,10487,750,30,36.1017
14673,1700,2,59,1440,10487,144,24,28.8814
14674,1663,8,59,1445,10488,1320,30,3
14674,1663,8,59,1459,10488,240,20,2
14675,1697,6,59,1397,10489,255,15,2.2727
14675,1697,6,59,1402,10489,252,18,2.7273
14676,1673,7,59,1445,10490,2640,60,100
14676,1673,7,59,1454,10490,300,30,50
14676,1673,7,59,1461,10490,216,36,60
14677,1666,8,60,1430,10491,240,15,11.5909
14677,1666,8,60,1463,10491,70,7,5.4091
14678,1648,3,58,1411,10492,660,60,47.25
14678,1648,3,58,1428,10492,220,20,15.75
14679,1679,4,60,1451,10493,255,15,4.7143
14679,1679,4,60,1452,10493,140,10,3.1429
14679,1679,4,60,1455,10493,290,10,3.1429
14680,1653,4,59,1442,10494,900,30,66
14681,1680,3,60,1409,10495,70,10,1.4286
14681,1680,3,60,1427,10495,160,20,2.8571
14681,1680,3,60,1463,10495,50,5,0.7143
14682,1719,7,59,1417,10496,200,20,47
14683,1682,7,58,1442,10497,420,14,7.875
14683,1682,7,58,1458,10497,700,25,14.0625
14683,1682,7,58,1463,10497,250,25,14.0625
14684,1673,8,59,1410,10498,70,14,8.5714
14684,1673,8,59,1426,10498,90,5,3.0612
14684,1673,8,59,1428,10498,420,30,18.3673
14685,1684,4,59,1414,10499,920,20,45.3333
14685,1684,4,59,1435,10499,500,25,56.6667
14686,1679,6,58,1401,10500,192,12,25.8
14686,1679,6,58,1414,10500,368,8,17.2
14687,1644,9,60,1440,10501,140,20,9
14688,1696,2,58,1431,10502,210,21,25.4211
14688,1696,2,58,1439,10502,198,6,7.2632
14688,1696,2,58,1453,10502,420,30,36.3158
14689,1675,6,59,1400,10503,1610,70,13.2222
14689,1675,6,59,1451,10503,420,20,3.7778
14690,1727,4,60,1388,10504,228,12,12
14690,1727,4,60,1407,10504,120,12,12
14690,1727,4,60,1439,10504,330,10,10
14690,1727,4,60,1447,10504,725,25,25
14691,1689,3,60,1448,10505,147,3,7
14692,1677,9,59,1411,10506,252,18,11.8125
14692,1677,9,59,1456,10506,210,14,9.1875
14693,1641,7,58,1429,10507,690,15,23.5
14693,1641,7,58,1434,10507,195,15,23.5
14694,1694,1,59,1399,10508,60,10,2.5
14694,1694,1,59,1425,10508,180,10,2.5
14695,1644,4,58,1414,10509,138,3,0
14696,1709,6,60,1415,10510,4464,36,184
14696,1709,6,60,1461,10510,288,36,184
14697,1647,4,60,1390,10511,1100,50,159.5455
14697,1647,4,60,1393,10511,1500,50,159.5455
14697,1647,4,60,1394,10511,400,10,31.9091
14698,1659,7,59,1410,10512,50,10,1.0811
14698,1659,7,59,1432,10512,108,9,0.973
14698,1659,7,59,1433,10512,60,6,0.6486
14698,1659,7,59,1446,10512,408,12,1.2973
14699,1724,7,58,1407,10513,400,40,40.381
14699,1724,7,58,1418,10513,1600,50,50.4762
14699,1724,7,58,1447,10513,435,15,15.1429
14700,1658,3,59,1406,10514,3159,39,132.2318
14700,1658,3,59,1414,10514,1610,35,118.6695
14700,1658,3,59,1442,10514,2660,70,237.3391
14700,1658,3,59,1451,10514,819,39,132.2318
14700,1658,3,59,1461,10514,400,50,169.5279
14701,1701,2,58,1395,10515,1552,16,11.4126
14701,1701,2,58,1402,10515,850,50,35.6643
14701,1701,2,58,1413,10515,5280,120,85.5944
14701,1701,2,58,1419,10515,48,16,11.4126
14701,1701,2,58,1446,10515,2856,84,59.9161
14702,1675,2,60,1404,10516,1575,25,12.6
14702,1675,2,60,1427,10516,800,80,40.32
14702,1675,2,60,1428,10516,280,20,10.08
14703,1691,3,60,1438,10517,42,6,12
14703,1691,3,60,1445,10517,220,4,8
14703,1691,3,60,1456,10517,90,6,12
14704,1718,4,59,1410,10518,25,5,37.5862
14704,1718,4,59,1424,10518,3960,15,112.7586
14704,1718,4,59,1430,10518,171,9,67.6552
14705,1652,6,60,1396,10519,496,16,22.303
14705,1652,6,60,1442,10519,1520,40,55.7576
14705,1652,6,60,1446,10519,340,10,13.9394
14706,1708,7,58,1410,10520,40,8,8
14706,1708,7,58,1439,10520,165,5,5
14707,1650,8,59,1421,10521,54,3,2.6842
14707,1650,8,59,1427,10521,100,10,8.9474
14707,1650,8,59,1454,10521,78,6,5.3684
14708,1682,4,58,1387,10522,720,40,16.5138
14708,1682,4,58,1394,10522,960,24,9.9083
14708,1682,4,58,1416,10522,520,20,8.2569
14708,1682,4,58,1426,10522,450,25,10.3211
14709,1710,7,59,1403,10523,975,25,30.4688
14709,1710,7,59,1406,10523,1215,15,18.2812
14709,1710,7,59,1423,10523,468,18,21.9375
14709,1710,7,59,1427,10523,60,6,7.3125
14710,1643,1,59,1396,10524,62,2,5.6322
14710,1643,1,59,1416,10524,260,10,28.1609
14710,1643,1,59,1429,10524,2760,60,168.9655
14710,1643,1,59,1440,10524,105,15,42.2414
14711,1647,1,59,1422,10525,570,30,7.3333
14711,1647,1,59,1426,10525,270,15,3.6667
14712,1725,4,59,1387,10526,144,8,9.8333
14712,1725,4,59,1399,10526,60,10,12.2917
14712,1725,4,59,1442,10526,1140,30,36.875
14713,1701,7,58,1390,10527,1100,50,26.25
14713,1701,7,58,1422,10527,570,30,15.75
14714,1670,6,59,1397,10528,63,3,0.45
14714,1670,6,59,1419,10528,24,8,1.2
14714,1670,6,59,1458,10528,315,9,1.35
14715,1688,5,59,1441,10529,336,14,21.3182
14715,1688,5,59,1454,10529,260,20,30.4545
14715,1688,5,59,1455,10529,360,10,15.2273
14716,1697,3,59,1403,10530,1560,40,100.4444
14716,1697,3,59,1429,10530,1150,25,62.7778
14716,1697,3,59,1447,10530,580,20,50.2222
14716,1697,3,59,1462,10530,900,50,125.5556
14717,1692,7,58,1445,10531,110,2,8
14718,1657,7,60,1416,10532,390,15,28.4615
14718,1657,7,60,1452,10532,408,24,45.5385
14719,1662,8,58,1390,10533,1100,50,95.9184
14719,1662,8,58,1458,10533,840,24,46.0408
14719,1662,8,58,1459,10533,360,24,46.0408
14720,1682,8,59,1416,10534,260,10,9.3333
14720,1682,8,59,1426,10534,180,10,9.3333
14720,1682,8,59,1440,10534,70,10,9.3333
14721,1641,4,58,1397,10535,1050,50,10
14721,1641,4,58,1426,10535,180,10,2
14721,1641,4,58,1443,10535,100,5,1
14721,1641,4,58,1445,10535,825,15,3
14722,1682,3,59,1398,10536,570,15,8.85
14722,1682,3,59,1417,10536,260,20,11.8
14722,1682,3,59,1419,10536,90,30,17.7
14722,1682,3,59,1446,10536,1190,35,20.65
14723,1706,1,58,1417,10537,390,30,27.5581
14723,1706,1,58,1437,10537,318,6,5.5116
14723,1706,1,58,1444,10537,260,20,18.3721
14723,1706,1,58,1458,10537,735,21,19.2907
14723,1706,1,58,1459,10537,135,9,8.2674
14724,1649,9,60,1456,10538,105,7,4.375
14724,1649,9,60,1458,10538,35,1,0.625
14725,1649,6,60,1399,10539,48,8,2.1818
14725,1649,6,60,1407,10539,150,15,4.0909
14725,1649,6,60,1419,10539,45,15,4.0909
14725,1649,6,60,1435,10539,120,6,1.6364
14726,1701,3,60,1389,10540,600,60,366.5455
14726,1701,3,60,1412,10540,1240,40,244.3636
14726,1701,3,60,1424,10540,7920,30,183.2727
14726,1701,3,60,1454,10540,455,35,213.8182
14727,1672,2,58,1410,10541,175,35,28.75
14727,1672,2,58,1424,10541,1056,4,3.2857
14727,1672,2,58,1451,10541,756,36,29.5714
14727,1672,2,58,1457,10541,198,9,7.3929
14728,1677,1,60,1397,10542,315,15,4.2308
14728,1677,1,60,1440,10542,168,24,6.7692
14729,1684,8,59,1398,10543,1140,30,14.4
14729,1684,8,59,1409,10543,630,70,33.6
14730,1686,4,58,1414,10544,322,7,12.5
14730,1686,4,58,1453,10544,98,7,12.5
14731,1681,8,59,1397,10545,210,10,12
14732,1722,1,60,1393,10546,300,10,24.375
14732,1722,1,60,1421,10546,540,30,73.125
14732,1722,1,60,1448,10546,1960,40,97.5
14733,1710,3,59,1418,10547,768,24,50.8571
14733,1710,3,59,1422,10547,1140,60,127.1429
14734,1717,3,59,1420,10548,140,10,0.4167
14734,1717,3,59,1427,10548,140,14,0.5833
14735,1701,5,58,1417,10549,715,55,46.33
14735,1701,5,58,1431,10549,1000,100,84.2365
14735,1701,5,58,1437,10549,2544,48,40.4335
14736,1668,7,60,1403,10550,312,8,0.9412
14736,1668,7,60,1405,10550,90,10,1.1765
14736,1668,7,60,1407,10550,60,6,0.7059
14736,1668,7,60,1447,10550,290,10,1.1765
14737,1666,4,60,1402,10551,680,40,29.2
14737,1666,4,60,1421,10551,360,20,14.6
14737,1666,4,60,1430,10551,760,40,29.2
14738,1673,2,58,1455,10552,648,18,31.125
14738,1673,2,58,1461,10552,240,30,51.875
14739,1725,2,59,1397,10553,315,15,25.1124
14739,1725,2,59,1402,10553,238,14,23.4382
14739,1725,2,59,1408,10553,504,24,40.1798
14739,1725,2,59,1417,10553,390,30,50.2247
14739,1725,2,59,1421,10553,108,6,10.0449
14740,1694,4,60,1402,10554,510,30,45.375
14740,1694,4,60,1409,10554,180,20,30.25
14740,1694,4,60,1448,10554,980,20,30.25
14740,1694,4,60,1463,10554,130,10,15.125
14741,1709,6,60,1400,10555,690,30,52.8671
14741,1709,6,60,1405,10555,315,35,61.6783
14741,1709,6,60,1410,10555,90,18,31.7203
14741,1709,6,60,1437,10555,1060,20,35.2448
14741,1709,6,60,1442,10555,1520,40,70.4895
14742,1711,2,58,1458,10556,840,24,10
14743,1682,9,59,1450,10557,990,30,58.2
14743,1682,9,59,1461,10557,160,20,38.8
14744,1642,1,59,1433,10558,250,25,19.0104
14744,1642,1,59,1437,10558,1060,20,15.2083
14744,1642,1,59,1438,10558,210,30,22.8125
14744,1642,1,59,1439,10558,594,18,13.6875
14744,1642,1,59,1459,10558,45,3,2.2812
14745,1645,6,58,1427,10559,120,12,3.2
14745,1645,6,58,1441,10559,432,18,4.8
14746,1663,8,58,1416,10560,520,20,21.1429
14746,1663,8,58,1448,10560,735,15,15.8571
14747,1662,2,59,1430,10561,190,10,40.3333
14747,1662,2,59,1437,10561,2650,50,201.6667
14748,1704,1,58,1419,10562,60,20,15.3333
14748,1704,1,58,1448,10562,490,10,7.6667
14749,1705,2,59,1422,10563,475,25,15.7895
14749,1705,2,59,1438,10563,490,70,44.2105
14750,1703,4,60,1403,10564,624,16,4.766
14750,1703,4,60,1417,10564,78,6,1.7872
14750,1703,4,60,1441,10564,600,25,7.4468
14751,1689,8,59,1410,10565,125,25,4.0698
14751,1689,8,59,1450,10565,594,18,2.9302
14752,1645,9,58,1397,10566,735,35,48.8889
14752,1645,9,58,1404,10566,1134,18,25.1429
14752,1645,9,58,1462,10566,180,10,13.9683
14753,1675,1,58,1417,10567,780,60,19.8058
14753,1675,1,58,1437,10567,159,3,0.9903
14753,1675,1,58,1445,10567,2200,40,13.2039
14754,1667,3,60,1396,10568,155,5,7
14755,1703,5,58,1417,10569,455,35,31.7692
14755,1703,5,58,1462,10569,540,30,27.2308
14756,1689,3,60,1397,10570,315,15,37.8
14756,1689,3,60,1442,10570,2280,60,151.2
14757,1658,8,60,1400,10571,253,11,7.3333
14757,1658,8,60,1428,10571,392,28,18.6667
14758,1643,3,59,1402,10572,204,12,16
14758,1643,3,59,1418,10572,320,10,13.3333
14758,1643,3,59,1426,10572,900,50,66.6667
14758,1643,3,59,1461,10572,120,15,20
14759,1641,7,60,1403,10573,702,18,18.4337
14759,1641,7,60,1420,10573,560,40,40.9639
14759,1641,7,60,1439,10573,825,25,25.6024
14760,1720,4,59,1419,10574,42,14,16.625
14760,1720,4,59,1426,10574,36,2,2.375
14760,1720,4,59,1448,10574,490,10,11.875
14760,1720,4,59,1450,10574,198,6,7.125
14761,1690,5,58,1445,10575,660,12,26.2759
14761,1690,5,58,1449,10575,264,6,13.1379
14761,1690,5,58,1458,10575,1050,30,65.6897
14761,1690,5,58,1462,10575,180,10,21.8966
14762,1718,3,60,1387,10576,180,10,3.7255
14762,1718,3,60,1417,10576,260,20,7.451
14762,1718,3,60,1430,10576,399,21,7.8235
14763,1720,9,59,1425,10577,180,10,5.2083
14763,1720,9,59,1461,10577,160,20,10.4167
14763,1720,9,59,1463,10577,234,18,9.375
14764,1649,4,60,1421,10578,360,20,23.0769
14764,1649,4,60,1443,10578,120,6,6.9231
14765,1683,1,59,1401,10579,160,10,4.5161
14765,1683,1,59,1461,10579,168,21,9.4839
14766,1694,4,60,1400,10580,345,15,21.1111
14766,1694,4,60,1427,10580,90,9,12.6667
14766,1694,4,60,1451,10580,630,30,42.2222
14767,1659,3,58,1461,10581,400,50,3
14768,1644,3,59,1443,10582,80,4,6.2222
14768,1644,3,59,1462,10582,252,14,21.7778
14769,1725,2,59,1415,10583,1240,10,1.5909
14769,1725,2,59,1446,10583,816,24,3.8182
14769,1725,2,59,1455,10583,360,10,1.5909
14770,1645,4,58,1417,10584,650,50,59
14771,1726,7,58,1433,10585,150,15,13
14772,1704,9,58,1438,10586,28,4,0
14773,1699,1,58,1412,10587,186,6,8.2174
14773,1699,1,58,1421,10587,360,20,27.3913
14773,1699,1,58,1463,10587,260,20,27.3913
14774,1701,2,60,1404,10588,2520,40,55.7143
14774,1701,2,60,1428,10588,1400,100,139.2857
14775,1670,8,59,1421,10589,72,4,4
14776,1689,4,60,1387,10590,360,20,11.25
14776,1689,4,60,1463,10590,780,60,33.75
14777,1721,1,58,1389,10591,140,14,10.5946
14777,1721,1,58,1393,10591,300,10,7.5676
14777,1721,1,58,1440,10591,350,50,37.8378
14778,1682,3,58,1401,10592,400,25,26.6667
14778,1682,3,58,1412,10592,155,5,5.3333
14779,1682,7,59,1406,10593,1701,21,81.2
14779,1682,7,59,1455,10593,720,20,77.3333
14779,1682,7,59,1462,10593,72,4,15.4667
14780,1693,3,59,1438,10594,168,24,2.2222
14780,1693,3,59,1444,10594,390,30,2.7778
14781,1658,2,58,1421,10595,540,30,13.5349
14781,1658,2,58,1447,10595,3480,120,54.1395
14781,1658,2,58,1455,10595,2340,65,29.3256
14782,1727,8,58,1442,10596,190,5,1.3559
14782,1727,8,58,1449,10596,1056,24,6.5085
14782,1727,8,58,1461,10596,240,30,8.1356
14783,1697,7,60,1410,10597,175,35,18.2836
14783,1697,7,60,1443,10597,400,20,10.4478
14783,1697,7,60,1451,10597,252,12,6.2687
14784,1703,1,60,1413,10598,2200,50,37.2881
14784,1703,1,60,1457,10598,198,9,6.7119
14785,1649,6,60,1448,10599,490,10,30
14786,1674,4,58,1440,10600,28,4,5.2941
14786,1674,4,58,1459,10600,450,30,39.7059
14787,1673,7,58,1399,10601,360,60,36.6316
14787,1673,7,58,1445,10601,1925,35,21.3684
14788,1721,8,59,1463,10602,65,5,3
14789,1709,8,59,1408,10603,1008,48,32.2192
14789,1709,8,59,1435,10603,500,25,16.7808
14790,1666,1,58,1434,10604,78,6,2.625
14790,1666,1,58,1462,10604,180,10,4.375
14791,1689,1,59,1402,10605,510,30,84.2222
14791,1689,1,59,1445,10605,1100,20,56.1481
14791,1689,1,59,1446,10605,2380,70,196.5185
14791,1689,1,59,1457,10605,330,15,42.1111
14792,1719,4,60,1390,10606,440,20,31.6
14792,1719,4,60,1441,10606,480,20,31.6
14792,1719,4,60,1448,10606,490,10,15.8
14793,1709,5,58,1393,10607,1350,45,42.2535
14793,1709,5,58,1403,10607,3900,100,93.8967
14793,1709,5,58,1419,10607,42,14,13.1455
14793,1709,5,58,1426,10607,756,42,39.4366
14793,1709,5,58,1458,10607,420,12,11.2676
14794,1717,4,59,1442,10608,1064,28,28
14795,1656,7,59,1387,10609,54,3,0.3158
14795,1656,7,59,1396,10609,310,10,1.0526
14795,1656,7,59,1407,10609,60,6,0.6316
14796,1679,8,58,1422,10610,399,21,27
14797,1729,6,59,1387,10611,108,6,15.6774
14797,1729,6,59,1388,10611,190,10,26.129
14797,1729,6,59,1446,10611,510,15,39.1935
14798,1709,1,59,1396,10612,2170,70,144.7909
14798,1709,1,59,1422,10612,1045,55,113.7643
14798,1709,1,59,1435,10612,360,18,37.2319
14798,1709,1,59,1446,10612,1360,40,82.7376
14798,1709,1,59,1462,10612,1440,80,165.4753
14799,1673,4,59,1399,10613,48,8,1.3333
14799,1673,4,59,1461,10613,320,40,6.6667
14800,1644,8,60,1397,10614,294,14,1.037
14800,1644,8,60,1407,10614,80,8,0.5926
14800,1644,8,60,1425,10614,90,5,0.3704
14801,1728,2,60,1441,10615,120,5,1
14802,1670,1,59,1424,10616,3960,15,29.7458
14802,1670,1,59,1442,10616,532,14,27.7627
14802,1670,1,59,1456,10616,225,15,29.7458
14802,1670,1,59,1457,10616,330,15,29.7458
14803,1670,4,59,1445,10617,1650,30,19
14804,1689,1,58,1392,10618,1750,70,103.3333
14804,1689,1,58,1442,10618,760,20,29.5238
14804,1689,1,58,1454,10618,195,15,22.1429
14805,1689,3,60,1407,10619,420,42,46.6098
14805,1689,3,60,1408,10619,840,40,44.3902
14806,1680,2,60,1410,10620,25,5,0.5
14806,1680,2,60,1438,10620,35,5,0.5
14807,1676,4,59,1405,10621,45,5,2.4
14807,1676,4,59,1409,10621,90,10,4.8
14807,1676,4,59,1456,10621,300,20,9.6
14807,1676,4,59,1457,10621,330,15,7.2
14808,1705,4,60,1388,10622,380,20,26.8421
14808,1705,4,60,1454,10622,234,18,24.1579
14809,1663,8,59,1400,10623,483,21,21.6702
14809,1663,8,59,1405,10623,135,15,15.4787
14809,1663,8,59,1407,10623,250,25,25.7979
14809,1663,8,59,1410,10623,15,3,3.0957
14809,1663,8,59,1421,10623,540,30,30.9574
14810,1716,4,59,1414,10624,460,10,36.5385
14810,1716,4,59,1415,10624,744,6,21.9231
14810,1716,4,59,1430,10624,190,10,36.5385
14811,1640,3,58,1400,10625,69,3,7.3333
14811,1640,3,58,1428,10625,70,5,12.2222
14811,1640,3,58,1446,10625,340,10,24.4444
14812,1643,1,59,1439,10626,396,12,32.0769
14812,1643,1,59,1446,10626,680,20,53.4615
14812,1643,1,59,1457,10626,440,20,53.4615
14813,1709,8,60,1448,10627,735,15,32.1
14813,1709,8,60,1459,10627,525,35,74.9
14814,1645,4,60,1387,10628,450,25,30
14815,1668,4,60,1415,10629,2480,20,58.6207
14815,1668,4,60,1450,10629,297,9,26.3793
14816,1677,1,59,1441,10630,288,12,8.1702
14816,1677,1,59,1462,10630,630,35,23.8298
14817,1679,8,58,1461,10631,64,8,1
14818,1724,8,58,1388,10632,570,30,24.6
14818,1724,8,58,1419,10632,60,20,16.4
14819,1658,7,60,1398,10633,1368,36,104.9268
14819,1658,7,60,1399,10633,78,13,37.8902
14819,1658,7,60,1412,10633,1085,35,102.0122
14819,1658,7,60,1448,10633,3920,80,233.1707
14820,1661,4,60,1393,10634,1050,35,167.1078
14820,1661,4,60,1404,10634,3150,50,238.7255
14820,1661,4,60,1437,10634,795,15,71.6176
14820,1661,4,60,1461,10634,16,2,9.549
14821,1687,8,60,1390,10635,220,10,7.2308
14821,1687,8,60,1391,10635,315,15,10.8462
14821,1687,8,60,1408,10635,840,40,28.9231
14822,1725,4,58,1390,10636,550,25,0.8065
14822,1725,4,58,1444,10636,78,6,0.1935
14823,1700,6,58,1397,10637,210,10,21.1579
14823,1700,6,58,1436,10637,400,25,52.8947
14823,1700,6,58,1442,10637,2280,60,126.9474
14824,1685,3,58,1431,10638,200,20,31.2871
14824,1685,3,58,1451,10638,441,21,32.8515
14824,1685,3,58,1458,10638,2100,60,93.8614
14825,1708,7,60,1404,10639,504,8,39
14826,1724,4,58,1455,10640,720,20,13.7143
14826,1724,4,58,1456,10640,225,15,10.2857
14827,1673,4,59,1388,10641,950,50,81.8182
14827,1673,4,59,1426,10641,1080,60,98.1818
14828,1711,7,60,1407,10642,300,30,25.2
14828,1711,7,60,1447,10642,580,20,16.8
14829,1639,6,59,1414,10643,690,15,11.4474
14829,1639,6,59,1425,10643,378,21,16.0263
14829,1639,6,59,1432,10643,24,2,1.5263
14830,1726,3,59,1404,10644,252,4,0
14830,1726,3,59,1429,10644,920,20,0
14830,1726,3,59,1432,10644,252,21,0
14831,1672,4,58,1404,10645,1260,20,6.8571
14831,1672,4,58,1422,10645,285,15,5.1429
14832,1675,9,60,1387,10646,270,15,21.7347
14832,1675,9,60,1396,10646,558,18,26.0816
14832,1675,9,60,1457,10646,660,30,43.4694
14832,1675,9,60,1463,10646,455,35,50.7143
14833,1699,4,59,1405,10647,270,30,27.6
14833,1699,4,59,1425,10647,360,20,18.4
14834,1705,5,59,1408,10648,315,15,7
14834,1705,5,59,1410,10648,75,15,7
14835,1688,5,60,1414,10649,920,20,3.4286
14835,1688,5,60,1458,10649,525,15,2.5714
14836,1659,5,60,1416,10650,780,30,62.4706
14836,1659,5,60,1439,10650,825,25,52.0588
14836,1659,5,60,1440,10650,210,30,62.4706
14837,1724,8,59,1405,10651,108,12,7.875
14837,1724,8,59,1408,10651,420,20,13.125
14838,1669,4,59,1416,10652,52,2,0.6364
14838,1669,4,59,1428,10652,280,20,6.3636
14839,1663,1,58,1402,10653,510,30,55.8
14839,1663,1,58,1446,10653,680,20,37.2
14840,1643,5,58,1390,10654,264,12,17.3684
14840,1643,5,58,1425,10654,360,20,28.9474
14840,1643,5,58,1440,10654,42,6,8.6842
14841,1704,1,59,1427,10655,200,20,4
14842,1670,6,58,1400,10656,69,3,4.6216
14842,1670,6,58,1430,10656,532,28,43.1351
14842,1670,6,58,1433,10656,60,6,9.2432
14843,1709,2,59,1401,10657,800,50,86.5196
14843,1709,2,59,1427,10657,240,24,41.5294
14843,1709,2,59,1432,10657,540,45,77.8676
14843,1709,2,59,1433,10657,100,10,17.3039
14843,1709,2,59,1442,10657,1710,45,77.8676
14843,1709,2,59,1446,10657,1020,30,51.9118
14844,1701,4,58,1407,10658,600,60,85.6471
14844,1701,4,58,1426,10658,1260,70,99.9216
14844,1701,4,58,1446,10658,1870,55,78.5098
14844,1701,4,58,1463,10658,910,70,99.9216
14845,1700,7,59,1417,10659,260,20,25.2381
14845,1700,7,59,1426,10659,432,24,30.2857
14845,1700,7,59,1456,10659,600,40,50.4762
14846,1674,8,58,1406,10660,1701,21,111
14847,1675,7,60,1425,10661,54,3,1.0385
14847,1675,7,60,1444,10661,637,49,16.9615
14848,1686,3,59,1454,10662,130,10,1
14849,1647,2,59,1426,10663,540,30,42.375
14849,1647,2,59,1428,10663,420,30,42.375
14849,1647,2,59,1437,10663,1060,20,28.25
14850,1666,1,60,1396,10664,744,24,0.4706
14850,1666,1,60,1442,10664,456,12,0.2353
14850,1666,1,60,1451,10664,315,15,0.2941
14851,1686,1,59,1437,10665,1060,20,16.7742
14851,1686,1,59,1445,10665,55,1,0.8387
14851,1686,1,59,1462,10665,180,10,8.3871
14852,1706,7,59,1415,10666,4464,36,181.5652
14852,1706,7,59,1451,10666,210,10,50.4348
14853,1658,7,58,1455,10667,1620,45,59.4915
14853,1658,7,58,1457,10667,308,14,18.5085
14854,1724,1,59,1417,10668,104,8,13.9259
14854,1724,1,59,1441,10668,96,4,6.963
14854,1724,1,59,1450,10668,495,15,26.1111
14855,1711,2,58,1422,10669,570,30,24
14856,1663,4,58,1409,10670,288,32,33.8333
14856,1663,4,58,1432,10670,720,60,63.4375
14856,1663,4,58,1453,10670,350,25,26.4323
14856,1663,4,58,1459,10670,750,50,52.8646
14856,1663,4,58,1461,10670,200,25,26.4323
14857,1664,1,58,1402,10671,170,10,9.375
14857,1664,1,58,1448,10671,490,10,9.375
14857,1664,1,58,1451,10671,252,12,11.25
14858,1643,9,59,1424,10672,3960,15,53.3333
14858,1643,9,59,1457,10672,264,12,42.6667
14859,1728,2,58,1402,10673,51,3,4.6
14859,1728,2,58,1428,10673,84,6,9.2
14859,1728,2,58,1429,10673,276,6,9.2
14860,1676,4,59,1409,10674,45,5,1
14861,1663,5,59,1400,10675,690,30,13.7143
14861,1663,5,59,1439,10675,330,10,4.5714
14861,1663,5,59,1444,10675,390,30,13.7143
14862,1718,2,59,1396,10676,62,2,0.1333
14862,1718,2,59,1405,10676,63,7,0.4667
14862,1718,2,59,1430,10676,399,21,1.4
14863,1641,1,60,1412,10677,930,30,3.1579
14863,1641,1,60,1419,10677,24,8,0.8421
14863,1643,1,59,1387,10689,630,35,13
14864,1709,7,60,1398,10678,3800,100,138.9286
14864,1709,7,60,1419,10678,90,30,41.6786
14864,1709,7,60,1427,10678,1200,120,166.7143
14864,1709,7,60,1440,10678,210,30,41.6786
14865,1645,8,60,1445,10679,660,12,28
14865,1694,3,58,1426,10684,360,20,32.4444
14865,1694,3,58,1433,10684,400,40,64.8889
14865,1694,3,58,1446,10684,1020,30,48.6667
14866,1669,4,59,1396,10685,620,20,17.4359
14866,1669,4,59,1427,10685,40,4,3.4872
14866,1669,4,59,1433,10685,150,15,13.0769
14866,1693,1,58,1402,10680,850,50,12.2727
14866,1693,1,58,1417,10680,260,20,4.9091
14866,1693,1,58,1428,10680,560,40,9.8182
14867,1670,3,60,1405,10681,270,30,32.5714
14867,1670,3,60,1407,10681,120,12,13.0286
14867,1670,3,60,1450,10681,924,28,30.4
14867,1697,2,58,1403,10686,1170,30,64.6667
14867,1697,2,58,1412,10686,465,15,32.3333
14868,1641,3,59,1419,10682,90,30,16.875
14868,1641,3,59,1452,10682,68,4,2.25
14868,1641,3,59,1461,10682,240,30,16.875
14868,1675,9,59,1395,10687,4850,50,224.2424
14868,1675,9,59,1415,10687,1240,10,44.8485
14868,1675,9,59,1422,10687,114,6,26.9091
14869,1656,2,58,1438,10683,63,9,4
14869,1721,4,59,1396,10688,558,18,58.5
14869,1721,4,59,1414,10688,2760,60,195
14869,1721,4,59,1420,10688,196,14,45.5
14870,1672,1,58,1442,10690,760,20,6.4
14870,1672,1,58,1463,10690,390,30,9.6
14871,1701,2,59,1387,10691,540,30,133.5165
14871,1701,2,59,1415,10691,4960,40,178.022
14871,1701,2,59,1429,10691,1840,40,178.022
14871,1701,2,59,1430,10691,456,24,106.8132
14871,1701,2,59,1448,10691,2352,48,213.6264
14872,1639,4,59,1449,10692,880,20,61
14873,1727,3,60,1395,10693,582,6,7.5135
14873,1727,3,60,1440,10693,420,60,75.1351
14873,1727,3,60,1455,10693,1080,30,37.5676
14873,1727,3,60,1459,10693,225,15,18.7838
14874,1701,8,60,1393,10694,2700,90,217.0909
14874,1701,8,60,1445,10694,1375,25,60.303
14874,1701,8,60,1456,10694,750,50,120.6061
14875,1728,7,58,1394,10695,400,10,5
14875,1728,7,58,1398,10695,152,4,2
14875,1728,7,58,1410,10695,100,20,10
14876,1727,8,60,1403,10696,780,20,54.2105
14876,1727,8,60,1432,10696,216,18,48.7895
14877,1685,3,58,1405,10697,63,7,4.2368
14877,1685,3,58,1421,10697,162,9,5.4474
14877,1685,3,58,1444,10697,390,30,18.1579
14877,1685,3,58,1456,10697,450,30,18.1579
14878,1658,4,58,1397,10698,315,15,37.7778
14878,1658,4,58,1403,10698,312,8,20.1481
14878,1658,4,58,1415,10698,1488,12,30.2222
14878,1658,4,58,1451,10698,1365,65,163.7037
14878,1658,4,58,1456,10698,120,8,20.1481
14879,1690,3,60,1433,10699,120,12,1
14879,1700,6,58,1390,10704,132,6,0.4615
14879,1700,6,58,1410,10704,175,35,2.6923
14879,1700,6,58,1434,10704,312,24,1.8462
14880,1673,9,59,1417,10705,260,20,3.3333
14880,1673,9,59,1418,10705,128,4,0.6667
14880,1709,3,58,1387,10700,90,5,2.7778
14880,1709,3,58,1420,10700,168,12,6.6667
14880,1709,3,58,1454,10700,520,40,22.2222
14880,1709,3,58,1457,10700,1320,60,33.3333
14881,1675,6,60,1445,10701,2310,42,95.2577
14881,1675,6,60,1457,10701,440,20,45.3608
14881,1675,6,60,1462,10701,630,35,79.3814
14881,1693,8,60,1402,10706,340,20,52.3077
14881,1693,8,60,1429,10706,1104,24,62.7692
14881,1693,8,60,1445,10706,440,8,20.9231
14882,1639,4,58,1389,10702,60,6,6.8571
14882,1639,4,58,1462,10702,270,15,17.1429
14882,1642,4,60,1441,10707,504,21,5.191
14882,1642,4,60,1443,10707,800,40,9.8876
14882,1642,4,60,1456,10707,420,28,6.9213
14883,1662,6,59,1388,10703,95,5,10.1333
14883,1662,6,59,1445,10703,1925,35,70.9333
14883,1662,6,59,1459,10703,525,35,70.9333
14883,1715,6,59,1391,10708,84,4,1.3333
14883,1715,6,59,1422,10708,95,5,1.6667
14884,1669,1,60,1394,10709,1600,40,108.2051
14884,1669,1,60,1437,10709,1484,28,75.7436
14884,1669,1,60,1446,10709,340,10,27.0513
14885,1665,1,58,1405,10710,45,5,2.5
14885,1665,1,58,1433,10710,50,5,2.5
14886,1663,1,59,1407,10717,320,32,26.2222
14886,1663,1,59,1440,10717,105,15,12.2917
14886,1663,1,59,1455,10717,900,25,20.4861
14886,1709,5,59,1405,10711,108,12,3.5862
14886,1709,5,59,1427,10711,420,42,12.5517
14886,1709,5,59,1439,10711,3960,120,35.8621
14887,1675,3,58,1439,10712,99,3,8.1818
14887,1675,3,58,1442,10712,1140,30,81.8182
14887,1677,1,60,1398,10718,1368,36,53.069
14887,1677,1,60,1402,10718,340,20,29.4828
14887,1677,1,60,1422,10718,760,40,58.9655
14887,1677,1,60,1448,10718,980,20,29.4828
14888,1683,8,59,1404,10719,756,12,11.1273
14888,1683,8,59,1416,10719,78,3,2.7818
14888,1683,8,59,1440,10719,280,40,37.0909
14888,1709,1,58,1396,10713,558,18,16.5165
14888,1709,1,58,1412,10713,930,30,27.5275
14888,1709,1,58,1431,10713,1100,110,100.9341
14888,1709,1,58,1432,10713,288,24,22.022
14889,1709,5,60,1388,10714,570,30,5.2555
14889,1709,5,60,1403,10714,1053,27,4.7299
14889,1709,5,60,1433,10714,500,50,8.7591
14889,1709,5,60,1442,10714,684,18,3.1533
14889,1709,5,60,1444,10714,156,12,2.1022
14890,1647,3,58,1396,10715,651,21,25.9412
14890,1647,3,58,1457,10715,660,30,37.0588
14890,1699,8,59,1421,10720,378,21,7.2414
14890,1699,8,59,1457,10720,176,8,2.7586
14890,1709,8,58,1388,10722,57,3,1.6071
14890,1709,8,58,1417,10722,650,50,26.7857
14890,1709,8,58,1454,10722,585,45,24.1071
14890,1709,8,58,1461,10722,336,42,22.5
14891,1701,5,60,1430,10721,950,50,49
14891,1702,4,59,1407,10716,50,5,5.2273
14891,1702,4,59,1437,10716,371,7,7.3182
14891,1702,4,59,1447,10716,290,10,10.4545
14891,1727,3,58,1412,10723,465,15,22
14892,1689,8,59,1396,10724,496,16,44.1905
14892,1689,8,59,1447,10724,145,5,13.8095
14893,1659,4,60,1427,10725,120,12,6
14893,1659,4,60,1438,10725,28,4,2
14893,1659,4,60,1441,10725,144,6,3
14894,1657,4,58,1390,10726,550,25,14.1667
14894,1657,4,58,1397,10726,105,5,2.8333
14895,1643,1,60,1400,10733,368,16,28.8525
14895,1643,1,60,1414,10733,920,20,36.0656
14895,1643,1,60,1438,10733,175,25,45.082
14895,1704,2,58,1403,10727,780,20,45
14895,1704,2,58,1442,10727,380,10,22.5
14895,1704,2,58,1445,10727,550,10,22.5
14896,1669,2,60,1392,10734,750,30,0.9231
14896,1669,2,60,1416,10734,390,15,0.4615
14896,1669,2,60,1462,10734,360,20,0.6154
14896,1700,4,59,1416,10728,390,15,18.125
14896,1700,4,59,1426,10728,108,6,7.25
14896,1700,4,59,1441,10728,288,12,14.5
14896,1700,4,59,1446,10728,510,15,18.125
14897,1683,6,59,1447,10735,580,20,41.8182
14897,1683,6,59,1463,10735,26,2,4.1818
14897,1685,8,60,1387,10729,900,50,58.75
14897,1685,8,60,1407,10729,300,30,35.25
14897,1685,8,60,1436,10729,640,40,47
14898,1647,5,58,1402,10730,255,15,10.7143
14898,1647,5,58,1417,10730,39,3,2.1429
14898,1647,5,58,1451,10730,210,10,7.1429
14898,1675,9,59,1451,10736,840,40,29.3333
14898,1675,9,59,1461,10736,160,20,14.6667
14899,1652,7,58,1407,10731,400,40,55.4286
14899,1652,7,58,1437,10731,1590,30,41.5714
14899,1723,2,59,1399,10737,24,4,2
14899,1723,2,59,1427,10737,120,12,6
14900,1647,3,58,1462,10732,360,20,17
14900,1712,2,58,1402,10738,51,3,3
14901,1723,3,60,1422,10739,114,6,2.75
14901,1723,3,60,1438,10739,126,18,8.25
14902,1643,4,60,1388,10741,285,15,11
14902,1727,4,59,1414,10740,230,5,4.3617
14902,1727,4,59,1421,10740,630,35,30.5319
14902,1727,4,59,1431,10740,400,40,34.8936
14902,1727,4,59,1442,10740,532,14,12.2128
14903,1648,3,60,1389,10742,200,20,46.4762
14903,1648,3,60,1446,10742,1700,50,116.1905
14903,1648,3,60,1458,10742,1225,35,81.3333
14904,1642,1,59,1432,10743,336,28,24
14905,1721,6,58,1426,10744,900,50,69
14906,1701,9,58,1404,10745,1512,24,1.0435
14906,1701,9,58,1430,10745,304,16,0.6957
14906,1701,9,58,1445,10745,2475,45,1.9565
14906,1701,9,58,1458,10745,245,7,0.3043
14907,1652,1,60,1399,10746,36,6,2.241
14907,1652,1,60,1428,10746,392,28,10.4578
14907,1652,1,60,1448,10746,441,9,3.3614
14907,1652,1,60,1455,10746,1440,40,14.9398
14908,1697,6,58,1417,10747,104,8,11.4146
14908,1697,6,58,1427,10747,350,35,49.939
14908,1697,6,58,1449,10747,396,9,12.8415
14908,1697,6,58,1455,10747,1080,30,42.8049
14909,1709,3,58,1409,10748,396,44,91.5357
14909,1709,3,58,1426,10748,720,40,83.2143
14909,1709,3,58,1442,10748,1064,28,58.25
14910,1676,4,59,1442,10749,570,15,30
14910,1676,4,59,1445,10749,330,6,12
14910,1676,4,59,1462,10749,180,10,20
14911,1725,9,58,1400,10750,115,5,5.6429
14911,1725,9,58,1431,10750,400,40,45.1429
14911,1725,9,58,1445,10750,1375,25,28.2143
14912,1706,3,60,1412,10751,372,12,20.4156
14912,1706,3,60,1416,10751,780,30,51.039
14912,1706,3,60,1436,10751,320,20,34.026
14912,1706,3,60,1459,10751,225,15,25.5195
14913,1691,2,60,1387,10752,144,8,0.7273
14913,1691,2,60,1455,10752,108,3,0.2727
14914,1665,3,58,1431,10753,40,4,3.5556
14914,1665,3,58,1460,10753,50,5,4.4444
14915,1687,6,60,1426,10754,54,3,2
14916,1647,4,59,1433,10755,300,30,5.1515
14916,1647,4,59,1442,10755,1140,30,5.1515
14916,1647,4,59,1443,10755,280,14,2.404
14916,1647,4,59,1455,10755,900,25,4.2929
14917,1713,8,59,1404,10756,1323,21,22.8806
14917,1713,8,59,1422,10756,380,20,21.791
14917,1713,8,59,1454,10756,78,6,6.5373
14917,1713,8,59,1455,10756,720,20,21.791
14918,1709,6,58,1420,10757,420,30,2.6374
14918,1709,6,58,1445,10757,385,7,0.6154
14918,1709,6,58,1448,10757,1470,30,2.6374
14918,1709,6,58,1450,10757,792,24,2.1099
14919,1706,3,60,1412,10758,620,20,23
14919,1706,3,60,1438,10758,420,60,69
14919,1706,3,60,1456,10758,600,40,46
14920,1640,3,60,1418,10759,320,10,12
14921,1688,4,58,1411,10760,168,12,22.8293
14921,1688,4,58,1413,10760,1760,40,76.0976
14921,1688,4,58,1429,10760,1380,30,57.0732
14922,1703,5,59,1411,10761,490,35,12.5472
14922,1703,5,59,1461,10761,144,18,6.4528
14923,1662,3,58,1425,10762,288,16,39.2836
14923,1662,3,58,1433,10762,300,30,73.6567
14923,1662,3,58,1437,10762,1484,28,68.7463
14923,1662,3,58,1442,10762,2280,60,147.3134
14924,1661,3,60,1407,10763,400,40,22.4242
14924,1661,3,60,1408,10763,126,6,3.3636
14924,1661,3,60,1410,10763,100,20,11.2121
14925,1658,6,60,1389,10764,200,20,19.3333
14925,1658,6,60,1425,10764,2340,130,125.6667
14926,1701,3,60,1451,10765,1680,80,43
14927,1694,4,58,1388,10766,760,40,54.9565
14927,1694,4,58,1393,10766,1050,35,48.087
14927,1694,4,58,1454,10766,520,40,54.9565
14928,1714,4,60,1428,10767,28,2,2
14929,1642,3,59,1408,10768,84,4,7.2099
14929,1642,3,59,1417,10768,650,50,90.1235
14929,1642,3,59,1446,10768,510,15,27.037
14929,1642,3,59,1457,10768,264,12,21.6296
14930,1721,3,58,1427,10769,300,30,24.375
14930,1721,3,58,1438,10769,105,15,12.1875
14930,1721,3,58,1447,10769,580,20,16.25
14930,1721,3,58,1448,10769,735,15,12.1875
14931,1672,8,60,1397,10770,315,15,5
14932,1658,9,59,1457,10771,352,16,11
14933,1682,3,59,1415,10772,2232,18,38.093
14933,1682,3,59,1445,10772,1375,25,52.907
14934,1658,1,60,1403,10773,1287,33,28.8
14934,1658,1,60,1417,10773,910,70,61.0909
14934,1658,1,60,1461,10773,56,7,6.1091
14935,1662,4,58,1417,10774,26,2,1.8462
14935,1662,4,58,1452,10774,850,50,46.1538
14936,1716,7,58,1396,10775,186,6,13.3333
14936,1716,7,58,1453,10775,42,3,6.6667
14937,1658,1,60,1417,10776,208,16,32.1829
14937,1658,1,60,1428,10776,168,12,24.1371
14937,1658,1,60,1431,10776,270,27,54.3086
14937,1658,1,60,1437,10776,6360,120,241.3714
14938,1669,7,59,1428,10777,280,20,3
14939,1643,3,58,1427,10778,100,10,7
14940,1690,3,59,1402,10779,340,20,29
14940,1690,3,59,1448,10779,980,20,29
14941,1684,2,58,1456,10780,525,35,29.4
14941,1684,2,58,1463,10780,195,15,12.6
14942,1725,2,60,1440,10781,21,3,3.7759
14942,1725,2,60,1442,10781,760,20,25.1724
14942,1725,2,60,1460,10781,350,35,44.0517
14943,1650,9,60,1417,10782,13,1,1
14944,1672,4,59,1417,10783,130,10,83.3333
14944,1672,4,59,1424,10783,1320,5,41.6667
14945,1687,4,60,1422,10784,570,30,33.871
14945,1687,4,60,1425,10784,36,2,2.2581
14945,1687,4,60,1458,10784,1050,30,33.871
14946,1671,1,60,1396,10785,310,10,1
14946,1671,1,60,1461,10785,80,10,1
14947,1700,8,58,1394,10786,1200,30,38.2759
14947,1700,8,58,1416,10786,390,15,19.1379
14947,1700,8,58,1461,10786,336,42,53.5862
14948,1679,2,58,1388,10787,285,15,107.1429
14948,1679,2,58,1415,10787,2480,20,142.8571
14949,1701,1,59,1405,10788,450,50,23.8889
14949,1701,1,59,1461,10788,320,40,19.1111
14950,1661,1,59,1404,10789,1890,30,32.5806
14950,1661,1,59,1421,10789,270,15,16.2903
14950,1661,1,59,1449,10789,1320,30,32.5806
14950,1661,1,59,1454,10789,234,18,19.5484
14951,1669,6,58,1393,10790,90,3,3.6522
14951,1669,6,58,1442,10790,760,20,24.3478
14952,1663,6,59,1415,10791,1736,14,7
14952,1663,6,59,1427,10791,200,20,10
14953,1729,1,60,1388,10792,190,10,8.5714
14953,1729,1,60,1440,10792,21,3,2.5714
14953,1729,1,60,1454,10792,195,15,12.8571
14954,1642,3,60,1427,10793,140,14,3.1818
14954,1642,3,60,1438,10793,56,8,1.8182
14955,1699,6,58,1400,10794,345,15,15
14955,1699,6,58,1440,10794,42,6,6
14956,1658,8,59,1402,10795,1105,65,82.55
14956,1658,8,59,1403,10795,1365,35,44.45
14957,1673,3,58,1412,10796,651,21,6.3
14957,1673,3,58,1430,10796,190,10,3
14957,1673,3,58,1450,10796,1155,35,10.5
14957,1673,3,58,1455,10796,864,24,7.2
14958,1655,7,59,1397,10797,420,20,33
14959,1676,2,58,1448,10798,98,2,0.3333
14959,1676,2,58,1458,10798,350,10,1.6667
14960,1677,9,60,1399,10799,120,20,9.5385
14960,1677,9,60,1410,10799,100,20,9.5385
14960,1677,9,60,1445,10799,1375,25,11.9231
14961,1710,1,60,1397,10800,1050,50,102.2388
14961,1710,1,60,1437,10800,530,10,20.4478
14961,1710,1,60,1440,10800,49,7,14.3134
14962,1646,4,59,1403,10801,1560,40,64.6667
14962,1646,4,59,1415,10801,2480,20,32.3333
14963,1711,4,59,1416,10802,650,25,53.5417
14963,1711,4,59,1437,10802,1590,30,64.25
14963,1711,4,59,1441,10802,1440,60,128.5
14963,1711,4,59,1448,10802,245,5,10.7083
14964,1726,4,58,1405,10803,216,24,24.4444
14964,1726,4,58,1411,10803,210,15,15.2778
14964,1726,4,58,1445,10803,825,15,15.2778
14965,1710,6,59,1396,10804,1116,36,15.1875
14965,1710,6,59,1414,10804,1104,24,10.125
14965,1710,6,59,1435,10804,80,4,1.6875
14966,1715,2,60,1420,10805,140,10,118.5
14966,1715,2,60,1424,10805,2640,10,118.5
14967,1722,3,59,1388,10806,380,20,11.8919
14967,1722,3,59,1451,10806,42,2,1.1892
14967,1722,3,59,1460,10806,150,15,8.9189
14968,1665,4,58,1426,10807,18,1,1
14969,1693,2,60,1442,10808,760,20,13.1429
14969,1693,2,60,1462,10808,900,50,32.8571
14970,1726,7,58,1438,10809,140,20,5
14971,1680,2,60,1399,10810,42,7,1.6471
14971,1680,2,60,1411,10810,70,5,1.1765
14971,1680,2,60,1456,10810,75,5,1.1765
14972,1685,8,58,1405,10811,135,15,7.381
14972,1685,8,58,1409,10811,162,18,8.8571
14972,1685,8,58,1426,10811,540,30,14.7619
14973,1704,5,58,1417,10812,208,16,12.6316
14973,1704,5,58,1458,10812,1400,40,31.5789
14973,1704,5,58,1463,10812,260,20,15.7895
14974,1705,1,58,1388,10813,228,12,12
14974,1705,1,58,1432,10813,420,35,35
14975,1722,3,60,1427,10814,200,20,33.5897
14975,1722,3,60,1429,10814,920,20,33.5897
14975,1722,3,60,1434,10814,104,8,13.4359
14975,1722,3,60,1447,10814,870,30,50.3846
14976,1709,2,60,1419,10815,48,16,15
14977,1670,4,59,1424,10816,7920,30,432
14977,1670,4,59,1448,10816,980,20,288
14978,1677,3,59,1412,10817,1240,40,78.9677
14978,1677,3,59,1424,10817,7920,30,59.2258
14978,1677,3,59,1426,10817,1080,60,118.4516
14978,1677,3,59,1448,10817,1225,25,49.3548
14979,1687,7,60,1418,10818,640,20,32.5
14979,1687,7,60,1427,10818,200,20,32.5
14980,1650,2,60,1429,10819,322,7,5.1852
14980,1650,2,60,1461,10819,160,20,14.8148
14981,1703,3,59,1442,10820,1140,30,38
14982,1713,1,58,1421,10821,360,20,28.4615
14982,1713,1,58,1437,10821,318,6,8.5385
14983,1720,6,60,1448,10822,147,3,2.3333
14983,1720,6,60,1456,10822,90,6,4.6667
14984,1684,5,59,1397,10823,420,20,36.4444
14984,1684,5,59,1443,10823,300,15,27.3333
14984,1684,5,59,1445,10823,2200,40,72.8889
14984,1684,5,59,1463,10823,195,15,27.3333
14985,1662,8,58,1427,10824,120,12,0.5714
14985,1662,8,58,1456,10824,135,9,0.4286
14986,1655,1,58,1412,10825,372,12,29.625
14986,1655,1,58,1439,10825,660,20,49.375
14987,1645,6,58,1417,10826,455,35,4.9
14987,1645,6,58,1443,10826,300,15,2.1
14988,1647,1,59,1396,10827,465,15,26.6667
14988,1647,1,59,1425,10827,378,21,37.3333
14989,1702,9,58,1406,10828,405,5,65
14989,1702,9,58,1424,10828,528,2,26
14990,1676,9,58,1388,10829,190,10,25.4098
14990,1676,9,58,1394,10829,800,20,50.8197
14990,1676,9,58,1399,10829,60,10,25.4098
14990,1676,9,58,1446,10829,714,21,53.3607
14991,1719,4,59,1392,10830,150,6,5.5909
14991,1719,4,59,1425,10830,504,28,26.0909
14991,1719,4,59,1446,10830,1020,30,27.9545
14991,1719,4,59,1454,10830,312,24,22.3636
14992,1708,3,59,1405,10831,18,2,5.3333
14992,1708,3,59,1421,10831,144,8,21.3333
14992,1708,3,59,1424,10831,2112,8,21.3333
14992,1708,3,59,1429,10831,414,9,24
14993,1679,2,59,1399,10832,18,3,4.0312
14993,1679,2,59,1411,10832,140,10,13.4375
14993,1679,2,59,1430,10832,304,16,21.5
14993,1679,2,59,1450,10832,99,3,4.0312
14994,1694,6,59,1393,10833,600,20,37.3684
14994,1694,6,59,1417,10833,117,9,16.8158
14994,1694,6,59,1439,10833,297,9,16.8158
14995,1719,1,60,1415,10834,992,8,8.5714
14995,1719,1,60,1416,10834,520,20,21.4286
14996,1639,1,60,1445,10835,825,15,61.7647
14996,1639,1,60,1463,10835,26,2,8.2353
14997,1658,7,58,1408,10836,1092,52,124.5581
14997,1658,7,58,1421,10836,108,6,14.3721
14997,1658,7,58,1443,10836,480,24,57.4884
14997,1658,7,58,1446,10836,2040,60,143.7209
14997,1658,7,58,1450,10836,990,30,71.8605
14998,1643,9,60,1399,10837,36,6,0.8478
14998,1643,9,60,1426,10837,450,25,3.5326
14998,1643,9,60,1433,10837,400,40,5.6522
14998,1643,9,60,1462,10837,378,21,2.9674
14999,1685,3,60,1387,10838,72,4,2.9873
14999,1685,3,60,1404,10838,1575,25,18.6709
14999,1685,3,60,1422,10838,950,50,37.3418
15000,1719,3,60,1444,10839,390,30,23.3333
15000,1719,3,60,1458,10839,525,15,11.6667
15001,1685,4,59,1411,10840,84,6,1.125
15001,1685,4,59,1425,10840,180,10,1.875
15002,1714,5,59,1396,10841,496,16,61.1171
15002,1714,5,59,1442,10841,1140,30,114.5946
15002,1714,5,59,1445,10841,2750,50,190.991
15002,1714,5,59,1463,10841,195,15,57.2973
15003,1718,1,60,1397,10842,315,15,15.5769
15003,1718,1,60,1429,10842,230,5,5.1923
15003,1718,1,60,1454,10842,260,20,20.7692
15003,1718,1,60,1456,10842,180,12,12.4615
15004,1722,4,59,1437,10843,212,4,9
15005,1697,8,59,1408,10844,735,35,25
15006,1701,8,58,1409,10845,630,70,60.8571
15006,1701,8,58,1421,10845,450,25,21.7347
15006,1701,8,58,1428,10845,588,42,36.5143
15006,1701,8,58,1444,10845,780,60,52.1633
15006,1701,8,58,1450,10845,1584,48,41.7306
15007,1714,2,60,1390,10846,462,21,16.5634
15007,1714,2,60,1456,10846,450,30,23.662
15007,1714,2,60,1460,10846,200,20,15.7746
15008,1709,4,60,1387,10847,1440,80,135.5556
15008,1709,4,60,1405,10847,108,12,20.3333
15008,1709,4,60,1423,10847,1560,60,101.6667
15008,1709,4,60,1431,10847,360,36,61
15008,1709,4,60,1446,10847,1530,45,76.25
15008,1709,4,60,1457,10847,1210,55,93.1944
15009,1654,7,59,1391,10848,630,30,34.5455
15009,1654,7,59,1395,10848,291,3,3.4545
15010,1677,9,59,1389,10849,490,49,0.7313
15010,1677,9,59,1412,10849,558,18,0.2687
15011,1722,1,58,1411,10850,280,20,18.1481
15011,1722,1,58,1419,10850,12,4,3.6296
15011,1722,1,58,1456,10850,450,30,27.2222
15012,1705,5,58,1388,10851,95,5,12.0149
15012,1705,5,58,1411,10851,140,10,24.0299
15012,1705,5,58,1443,10851,200,10,24.0299
15012,1705,5,58,1445,10851,2310,42,100.9254
15013,1703,8,58,1388,10852,285,15,36.7606
15013,1703,8,58,1403,10852,234,6,14.7042
15013,1703,8,58,1448,10852,2450,50,122.5352
15014,1644,9,59,1404,10853,630,10,54
15015,1658,3,59,1396,10854,3100,100,60.6061
15015,1658,3,59,1399,10854,390,65,39.3939
15016,1693,3,58,1402,10855,850,50,83.0097
15016,1693,3,58,1417,10855,182,14,23.2427
15016,1693,3,58,1442,10855,912,24,39.8447
15016,1693,3,58,1451,10855,315,15,24.9029
15017,1641,3,59,1388,10856,380,20,29
15017,1641,3,59,1428,10856,280,20,29
15018,1643,8,59,1389,10857,300,30,75.6
15018,1643,8,59,1412,10857,1085,35,88.2
15018,1643,8,59,1415,10857,1240,10,25.2
15019,1678,2,58,1393,10858,150,5,13.9474
15019,1678,2,58,1413,10858,440,10,27.8947
15019,1678,2,58,1456,10858,60,4,11.1579
15020,1663,1,59,1410,10859,200,40,28.9524
15020,1663,1,59,1440,10859,245,35,25.3333
15020,1663,1,59,1450,10859,990,30,21.7143
15021,1664,3,60,1437,10860,159,3,2.4783
15021,1664,3,60,1462,10860,360,20,16.5217
15022,1727,4,59,1403,10861,1638,42,4.5
15022,1727,4,59,1404,10861,1260,20,2.1429
15022,1727,4,59,1407,10861,400,40,4.2857
15022,1727,4,59,1419,10861,105,35,3.75
15022,1727,4,59,1448,10861,147,3,0.3214
15023,1682,8,59,1397,10862,525,25,40.1515
15023,1682,8,59,1438,10862,56,8,12.8485
15024,1673,4,59,1387,10863,360,20,18.75
15024,1673,4,59,1444,10863,156,12,11.25
15025,1642,4,59,1421,10864,72,4,0.6316
15025,1642,4,59,1453,10864,210,15,2.3684
15026,1701,2,58,1424,10865,15840,60,149.1429
15026,1701,2,58,1425,10865,1440,80,198.8571
15027,1643,5,58,1388,10866,399,21,34.1642
15027,1643,5,58,1410,10866,30,6,9.7612
15027,1643,5,58,1416,10866,1040,40,65.0746
15028,1686,6,58,1439,10867,99,3,2
15029,1700,7,59,1412,10868,620,20,41.5217
15029,1700,7,59,1421,10868,540,30,62.2826
15029,1700,7,59,1435,10868,840,42,87.1957
15030,1710,5,58,1387,10869,720,40,47.6667
15030,1710,5,58,1397,10869,210,10,11.9167
15030,1710,5,58,1409,10869,450,50,59.5833
15030,1710,5,58,1454,10869,260,20,23.8333
15031,1727,5,60,1421,10870,54,3,7.2
15031,1727,5,60,1437,10870,106,2,4.8
15032,1647,9,59,1392,10871,1250,50,71.7949
15032,1647,9,59,1402,10871,204,12,17.2308
15032,1647,9,59,1403,10871,624,16,22.9744
15033,1668,5,59,1441,10872,240,10,26.5152
15033,1668,5,59,1448,10872,980,20,53.0303
15033,1668,5,59,1450,10872,495,15,39.7727
15033,1668,5,59,1451,10872,441,21,55.6818
15034,1728,4,58,1407,10873,200,20,0.8696
15034,1728,4,58,1414,10873,138,3,0.1304
15035,1668,5,59,1396,10874,310,10,20
15036,1643,4,59,1405,10875,225,25,13.1148
15036,1643,4,59,1433,10875,210,21,11.0164
15036,1643,4,59,1435,10875,300,15,7.8689
15037,1647,7,60,1432,10876,252,21,30.7317
15037,1647,7,60,1450,10876,660,20,29.2683
15038,1705,1,58,1402,10877,510,30,20.7273
15038,1705,1,58,1404,10877,1575,25,17.2727
15039,1701,4,58,1406,10878,1620,20,47
15040,1728,3,60,1426,10879,216,12,3.375
15040,1728,3,60,1451,10879,210,10,2.8125
15040,1728,3,60,1462,10879,180,10,2.8125
15041,1662,7,58,1409,10880,270,30,24
15041,1662,7,58,1447,10880,870,30,24
15041,1662,7,58,1456,10880,750,50,40
15042,1650,4,58,1459,10881,150,10,3
15043,1709,4,60,1428,10882,350,25,7.4675
15043,1709,4,60,1435,10882,400,20,5.974
15043,1709,4,60,1440,10882,224,32,9.5584
15044,1686,8,60,1410,10883,40,8,1
15045,1683,4,59,1407,10884,400,40,49.863
15045,1683,4,59,1442,10884,798,21,26.1781
15045,1683,4,59,1451,10884,252,12,14.9589
15046,1714,6,60,1388,10885,380,20,1.3793
15046,1714,6,60,1410,10885,60,12,0.8276
15046,1714,6,60,1456,10885,450,30,2.069
15046,1714,6,60,1463,10885,325,25,1.7241
15047,1672,1,58,1396,10886,2170,70,2.4138
15047,1672,1,58,1417,10886,455,35,1.2069
15047,1672,1,58,1463,10886,520,40,1.3793
15048,1667,8,60,1411,10887,70,5,1
15049,1668,1,59,1388,10888,380,20,27.3684
15049,1668,1,59,1454,10888,234,18,24.6316
15050,1703,9,60,1397,10889,840,40,140.5
15050,1703,9,60,1424,10889,10560,40,140.5
15051,1656,7,58,1403,10890,585,15,12.6923
15051,1656,7,58,1420,10890,140,10,8.4615
15051,1656,7,58,1427,10890,140,14,11.8462
15052,1682,7,59,1416,10891,390,15,20
15053,1688,4,59,1445,10892,2200,40,120
15054,1677,9,59,1394,10893,1200,30,19.6639
15054,1677,9,59,1410,10893,50,10,6.5546
15054,1677,9,59,1415,10893,2976,24,15.7311
15054,1677,9,59,1416,10893,910,35,22.9412
15054,1677,9,59,1422,10893,380,20,13.1092
15055,1709,1,58,1399,10894,168,28,16.404
15055,1709,1,58,1455,10894,1800,50,29.2929
15055,1709,1,58,1461,10894,960,120,70.303
15056,1658,3,58,1410,10895,550,110,51.8208
15056,1658,3,58,1425,10895,810,45,21.1994
15056,1658,3,58,1426,10895,1638,91,42.8699
15056,1658,3,58,1446,10895,3400,100,47.1098
15057,1688,7,60,1431,10896,150,15,15.4839
15057,1688,7,60,1442,10896,608,16,16.5161
15058,1675,3,59,1415,10897,9920,80,416.5517
15058,1675,3,59,1416,10897,936,36,187.4483
15059,1692,4,59,1399,10898,30,5,1
15060,1684,5,60,1425,10899,144,8,1
15061,1726,1,59,1456,10900,45,3,2
15062,1673,4,58,1427,10901,300,30,31
15062,1673,4,58,1457,10901,660,30,31
15063,1662,1,58,1441,10902,720,30,36.6667
15063,1662,1,58,1448,10902,294,6,7.3333
15064,1672,3,60,1399,10903,240,40,18.2716
15064,1672,3,60,1451,10903,441,21,9.5926
15064,1672,3,60,1454,10903,260,20,9.1358
15065,1727,3,60,1444,10904,195,15,48.9
15065,1727,3,60,1448,10904,1715,35,114.1
15066,1726,9,59,1387,10905,360,20,14
15067,1729,4,60,1447,10906,435,15,26
15068,1712,6,60,1461,10907,112,14,9
15069,1704,4,59,1393,10908,600,20,19.4118
15069,1704,4,59,1438,10908,98,14,13.5882
15070,1708,1,59,1393,10909,360,12,19.875
15070,1708,1,59,1402,10909,255,15,24.8438
15070,1708,1,59,1427,10909,50,5,8.2812
15071,1728,1,60,1405,10910,108,12,16.8889
15071,1728,1,60,1435,10910,200,10,14.0741
15071,1728,1,60,1447,10910,145,5,7.037
15072,1668,3,58,1387,10911,180,10,10.2703
15072,1668,3,58,1403,10911,468,12,12.3243
15072,1668,3,58,1453,10911,210,15,15.4054
15073,1675,2,59,1397,10912,840,40,232.4
15073,1675,2,59,1415,10912,7440,60,348.6
15074,1700,4,58,1390,10913,660,30,11.6471
15074,1700,4,58,1419,10913,120,40,15.5294
15074,1700,4,58,1444,10913,195,15,5.8235
15075,1700,6,58,1457,10914,550,25,21
15076,1718,2,59,1403,10915,390,10,0.8
15076,1718,2,59,1419,10915,90,30,2.4
15076,1718,2,59,1440,10915,70,10,0.8
15077,1702,1,59,1402,10916,102,6,12
15077,1702,1,59,1418,10916,192,6,12
15077,1702,1,59,1443,10916,400,20,40
15078,1707,4,59,1416,10917,26,1,0.7273
15078,1707,4,59,1446,10917,340,10,7.2727
15079,1648,3,60,1387,10918,1080,60,34.5882
15079,1648,3,60,1446,10918,850,25,14.4118
15080,1685,2,59,1402,10919,408,24,7.0588
15080,1685,2,59,1411,10919,336,24,7.0588
15080,1685,2,59,1426,10919,360,20,5.8824
15081,1642,4,59,1436,10920,384,24,30
15082,1721,1,58,1421,10921,180,10,35.2
15082,1721,1,58,1449,10921,1760,40,140.8
15083,1672,5,60,1403,10922,585,15,18.9
15083,1672,5,60,1410,10922,175,35,44.1
15084,1679,7,60,1428,10923,140,10,15.4545
15084,1679,7,60,1429,10923,460,10,15.4545
15084,1679,7,60,1453,10923,336,24,37.0909
15085,1643,3,59,1396,10924,620,20,54.2857
15085,1643,3,59,1414,10924,1380,30,81.4286
15085,1643,3,59,1461,10924,48,6,16.2857
15086,1672,3,58,1422,10925,475,25,1.3514
15086,1672,3,58,1438,10925,84,12,0.6486
15087,1640,4,60,1397,10926,42,2,2.7586
15087,1640,4,60,1399,10926,60,10,13.7931
15087,1640,4,60,1405,10926,63,7,9.6552
15087,1640,4,60,1458,10926,350,10,13.7931
15088,1678,4,58,1406,10927,405,5,3.3333
15088,1678,4,58,1438,10927,35,5,3.3333
15088,1678,4,58,1462,10927,360,20,13.3333
15089,1667,1,58,1433,10928,50,5,0.5
15089,1667,1,58,1462,10928,90,5,0.5
15090,1663,6,58,1407,10929,600,60,16.4516
15090,1663,6,58,1461,10929,392,49,13.4355
15090,1663,6,58,1463,10929,195,15,4.1129
15091,1714,4,60,1407,10930,360,36,4.9655
15091,1714,4,60,1413,10930,1100,25,3.4483
15091,1714,4,60,1441,10930,600,25,3.4483
15091,1714,4,60,1444,10930,390,30,4.1379
15092,1706,4,59,1399,10931,252,42,8.1667
15092,1706,4,59,1443,10931,600,30,5.8333
15093,1647,8,58,1402,10932,510,30,50.625
15093,1647,8,58,1448,10932,686,14,23.625
15093,1647,8,58,1458,10932,560,16,27
15093,1647,8,58,1461,10932,160,20,33.75
15094,1676,6,60,1439,10933,66,2,3.375
15094,1676,6,60,1447,10933,870,30,50.625
15095,1682,3,60,1392,10934,500,20,32
15096,1726,4,60,1387,10935,378,21,30.5455
15096,1726,4,60,1404,10935,252,4,5.8182
15096,1726,4,60,1409,10935,72,8,11.6364
15097,1670,3,59,1422,10936,570,30,34
15098,1650,7,60,1414,10937,368,8,9.1429
15098,1650,7,60,1420,10937,280,20,22.8571
15099,1701,3,59,1399,10938,120,20,5
15099,1701,3,59,1429,10938,1104,24,6
15099,1701,3,59,1446,10938,1666,49,12.25
15099,1701,3,59,1457,10938,770,35,8.75
15100,1687,2,59,1388,10939,190,10,15.2
15100,1687,2,59,1453,10939,560,40,60.8
15101,1647,8,60,1393,10940,240,8,5.7143
15101,1647,8,60,1399,10940,120,20,14.2857
15102,1709,7,59,1417,10941,572,44,86.4902
15102,1709,7,59,1448,10941,1470,30,58.9706
15102,1709,7,59,1454,10941,1040,80,157.2549
15102,1709,7,59,1458,10941,1750,50,98.2843
15103,1704,9,60,1435,10942,560,28,18
15104,1649,4,59,1399,10943,90,15,0.5882
15104,1649,4,59,1408,10943,441,21,0.8235
15104,1649,4,59,1432,10943,180,15,0.5882
15105,1648,6,60,1397,10944,105,5,6.4634
15105,1648,6,60,1430,10944,342,18,23.2683
15105,1648,6,60,1442,10944,684,18,23.2683
15106,1690,4,58,1399,10945,120,20,6.6667
15106,1690,4,58,1417,10945,130,10,3.3333
15107,1721,1,59,1396,10946,775,25,7.5
15107,1721,1,59,1410,10946,125,25,7.5
15107,1721,1,59,1463,10946,520,40,12
15108,1649,3,59,1445,10947,220,4,3
15109,1668,3,60,1436,10948,144,9,3.9057
15109,1668,3,60,1437,10948,2120,40,17.3585
15109,1668,3,60,1441,10948,96,4,1.7358
15110,1648,2,60,1392,10949,300,12,8.2222
15110,1648,2,60,1396,10949,930,30,20.5556
15110,1648,2,60,1403,10949,234,6,4.1111
15110,1648,2,60,1448,10949,2940,60,41.1111
15111,1687,1,59,1390,10950,110,5,3
15112,1706,9,59,1419,10951,45,15,6.5493
15112,1706,9,59,1427,10951,60,6,2.6197
15112,1706,9,59,1461,10951,400,50,21.831
15113,1639,1,58,1392,10952,400,16,35.5556
15113,1639,1,58,1414,10952,92,2,4.4444
15114,1642,9,59,1406,10953,4050,50,12
15114,1642,9,59,1417,10953,650,50,12
15115,1685,5,58,1402,10954,476,28,7.3271
15115,1685,5,58,1417,10954,325,25,6.5421
15115,1685,5,58,1431,10954,300,30,7.8505
15115,1685,5,58,1446,10954,816,24,6.2804
15116,1662,8,59,1461,10955,96,12,3
15117,1644,6,59,1407,10956,120,12,15.8824
15117,1644,6,59,1433,10956,140,14,18.5294
15117,1644,6,59,1437,10956,424,8,10.5882
15118,1673,8,60,1416,10957,780,30,40.3846
15118,1673,8,60,1421,10957,720,40,53.8462
15118,1673,8,60,1450,10957,264,8,10.7692
15119,1692,7,59,1391,10958,420,20,32.2581
15119,1692,7,59,1393,10958,180,6,9.6774
15119,1692,7,59,1458,10958,175,5,8.0645
15120,1669,6,59,1461,10959,160,20,5
15121,1673,3,58,1410,10960,50,10,0.5882
15121,1673,3,58,1427,10960,240,24,1.4118
15122,1700,8,58,1438,10961,42,6,9.4545
15122,1700,8,58,1462,10961,1080,60,94.5455
15123,1701,8,59,1393,10962,1350,45,63.6923
15123,1701,8,59,1399,10962,462,77,108.9846
15123,1701,8,59,1439,10962,660,20,28.3077
15123,1701,8,59,1455,10962,324,9,12.7385
15123,1701,8,59,1462,10962,792,44,62.2769
15124,1666,9,60,1446,10963,68,2,3
15125,1712,3,59,1404,10964,378,6,24.8571
15125,1712,3,59,1424,10964,1320,5,20.7143
15125,1712,3,59,1455,10964,360,10,41.4286
15126,1693,6,60,1437,10965,848,16,144
15127,1652,4,58,1423,10966,208,8,6.75
15127,1652,4,58,1442,10966,456,12,10.125
15127,1652,4,58,1448,10966,588,12,10.125
15128,1717,2,59,1405,10967,108,12,14.3077
15128,1717,2,59,1435,10967,800,40,47.6923
15129,1658,1,60,1398,10968,1140,30,35.1562
15129,1658,1,60,1410,10968,150,30,35.1562
15129,1658,1,60,1450,10968,132,4,4.6875
15130,1653,1,59,1432,10969,108,9,0
15131,1646,9,58,1438,10970,280,40,16
15132,1664,2,59,1415,10971,1736,14,122
15133,1678,4,59,1403,10972,234,6,0
15133,1678,4,59,1419,10972,21,7,0
15134,1678,6,59,1412,10973,155,5,3.5714
15134,1678,6,59,1427,10973,60,6,4.2857
15134,1678,6,59,1461,10973,80,10,7.1429
15135,1713,3,60,1449,10974,440,10,13
15136,1648,1,60,1394,10975,640,16,19.6923
15136,1648,1,60,1461,10975,80,10,12.3077
15137,1673,1,58,1414,10976,920,20,38
15138,1662,8,60,1425,10977,540,30,69.6667
15138,1662,8,60,1433,10977,300,30,69.6667
15138,1662,8,60,1437,10977,530,10,23.2222
15138,1662,8,60,1449,10977,880,20,46.4444
15139,1688,9,59,1394,10978,800,20,8.6842
15139,1688,9,59,1407,10978,400,40,17.3684
15139,1688,9,59,1426,10978,180,10,4.3421
15139,1688,9,59,1430,10978,114,6,2.6053
15140,1658,8,59,1393,10979,540,18,30.6957
15140,1658,8,59,1398,10979,760,20,34.1063
15140,1658,8,59,1410,10979,400,80,136.4251
15140,1658,8,59,1413,10979,1320,30,51.1594
15140,1658,8,59,1417,10979,312,24,40.9275
15140,1658,8,59,1449,10979,1540,35,59.686
15141,1662,4,58,1461,10980,320,40,1
15142,1672,1,59,1424,10981,15840,60,193
15143,1648,2,58,1393,10982,600,20,9.6552
15143,1648,2,58,1429,10982,414,9,4.3448
15144,1709,2,59,1399,10983,504,84,558.303
15144,1709,2,59,1443,10983,300,15,99.697
15145,1709,1,60,1402,10984,935,55,100.913
15145,1709,1,60,1410,10984,100,20,36.6957
15145,1709,1,60,1422,10984,760,40,73.3913
15146,1675,2,58,1402,10985,612,36,41.9241
15146,1675,2,58,1404,10985,504,8,9.3165
15146,1675,2,58,1418,10985,1120,35,40.7595
15147,1692,8,59,1397,10986,630,30,93.4286
15147,1692,8,59,1406,10986,1215,15,46.7143
15147,1692,8,59,1462,10986,180,10,31.1429
15147,1692,8,59,1463,10986,195,15,46.7143
15148,1657,8,58,1393,10987,1800,60,129.0698
15148,1657,8,58,1429,10987,276,6,12.907
15148,1657,8,58,1458,10987,700,20,43.0233
15149,1703,3,59,1393,10988,1800,60,36.6
15149,1703,3,59,1448,10988,1960,40,24.4
15150,1699,2,58,1392,10989,1000,40,23.7288
15150,1699,2,58,1397,10989,315,15,8.8983
15150,1699,2,58,1427,10989,40,4,2.3729
15151,1658,2,60,1407,10990,650,65,29.9609
15151,1658,2,60,1420,10990,840,60,27.6562
15151,1658,2,60,1441,10990,1560,65,29.9609
15151,1658,2,60,1447,10990,1914,66,30.4219
15152,1701,1,58,1388,10991,950,50,12.1875
15152,1701,1,58,1456,10991,300,20,4.875
15152,1701,1,58,1462,10991,1620,90,21.9375
15153,1715,1,60,1458,10992,70,2,4
15154,1662,7,60,1415,10993,6200,50,5.2941
15154,1662,7,60,1427,10993,350,35,3.7059
15155,1721,2,60,1445,10994,990,18,66
15156,1696,1,60,1437,10995,1060,20,38.3333
15156,1696,1,60,1446,10995,136,4,7.6667
15157,1701,4,59,1428,10996,560,40,1
15158,1684,8,59,1418,10997,1600,50,41.1111
15158,1684,8,59,1432,10997,240,20,16.4444
15158,1684,8,59,1438,10997,140,20,16.4444
15159,1729,8,59,1410,10998,60,12,3.4783
15159,1729,8,59,1447,10998,203,7,2.029
15159,1729,8,59,1460,10998,200,20,5.7971
15159,1729,8,59,1461,10998,240,30,8.6957
15160,1694,6,59,1427,10999,200,20,34.2857
15160,1694,6,59,1437,10999,795,15,25.7143
15160,1694,6,59,1463,10999,273,21,36
15161,1703,2,60,1390,11000,550,25,16.1765
15161,1703,2,60,1410,11000,150,30,19.4118
15161,1703,2,60,1463,11000,390,30,19.4118
15162,1662,2,59,1393,11001,1800,60,101.8966
15162,1662,2,59,1408,11001,525,25,42.4569
15162,1662,2,59,1432,11001,300,25,42.4569
15162,1662,2,59,1441,11001,144,6,10.1897
15163,1709,4,58,1399,11002,336,56,58.4889
15163,1709,4,58,1421,11002,270,15,15.6667
15163,1709,4,58,1428,11002,336,24,25.0667
15163,1709,4,58,1441,11002,960,40,41.7778
15164,1716,3,60,1387,11003,72,4,2.5
15164,1716,3,60,1426,11003,180,10,6.25
15164,1716,3,60,1438,11003,70,10,6.25
15165,1688,3,58,1412,11004,186,6,22.5
15165,1688,3,58,1462,11004,108,6,22.5
15166,1728,2,58,1387,11005,36,2,0.1667
15166,1728,2,58,1445,11005,550,10,0.8333
15167,1670,3,59,1387,11006,144,8,20
15167,1670,3,59,1415,11006,248,2,5
15168,1698,8,59,1394,11007,1200,30,112.2222
15168,1698,8,59,1415,11007,1240,10,37.4074
15168,1698,8,59,1428,11007,196,14,52.3704
15169,1658,7,60,1414,11008,3220,70,30.5525
15169,1658,7,60,1420,11008,1260,90,39.2818
15169,1658,7,60,1457,11008,462,21,9.1657
15170,1668,2,58,1410,11009,60,12,18.1538
15170,1668,2,58,1422,11009,342,18,27.2308
15170,1668,2,58,1446,11009,306,9,13.6154
15171,1704,2,59,1393,11010,600,20,19.3333
15171,1704,2,59,1410,11010,50,10,9.6667
15172,1639,3,58,1444,11011,520,40,0.6667
15172,1639,3,58,1457,11011,440,20,0.3333
15173,1663,1,60,1405,11012,450,50,83.2192
15173,1663,1,60,1446,11012,1224,36,59.9178
15173,1663,1,60,1457,11012,1320,60,99.863
15174,1707,2,58,1409,11013,90,10,9.1667
15174,1707,2,58,1428,11013,56,4,3.6667
15174,1707,2,58,1431,11013,200,20,18.3333
15174,1707,2,58,1454,11013,26,2,1.8333
15175,1685,2,60,1427,11014,280,28,24
15176,1708,2,59,1416,11015,390,15,2.2727
15176,1708,2,59,1463,11015,234,18,2.7273
15177,1642,9,59,1417,11016,195,15,16.4516
15177,1642,9,59,1422,11016,304,16,17.5484
15178,1658,9,59,1389,11017,250,25,114.2424
15178,1658,9,59,1445,11017,6050,110,502.6667
15178,1658,9,59,1456,11017,450,30,137.0909
15179,1686,4,59,1398,11018,760,20,6.8571
15179,1686,4,59,1404,11018,630,10,3.4286
15179,1686,4,59,1442,11018,190,5,1.7143
15180,1702,6,60,1432,11019,36,3,1.8
15180,1702,6,60,1435,11019,40,2,1.2
15181,1694,2,59,1396,11020,744,24,43
15182,1701,3,58,1388,11021,209,11,19.4464
15182,1701,3,58,1406,11021,1215,15,26.5179
15182,1701,3,58,1412,11021,1953,63,111.375
15182,1701,3,58,1437,11021,2332,44,77.7857
15182,1701,3,58,1458,11021,1225,35,61.875
15183,1672,9,59,1405,11022,315,35,3.2308
15183,1672,9,59,1455,11022,1080,30,2.7692
15184,1649,1,59,1393,11023,120,4,14.5882
15184,1649,1,59,1429,11023,1380,30,109.4118
15185,1657,4,58,1412,11024,372,12,7.8584
15185,1657,4,58,1419,11024,90,30,19.646
15185,1657,4,58,1451,11024,441,21,13.7522
15185,1657,4,58,1457,11024,1100,50,32.7434
15186,1725,6,60,1387,11025,180,10,9.6667
15186,1725,6,60,1399,11025,120,20,19.3333
15187,1665,4,58,1404,11026,504,8,20.8889
15187,1665,4,58,1437,11026,530,10,26.1111
15188,1648,1,58,1410,11027,150,30,31.1765
15188,1648,1,58,1448,11027,1029,21,21.8235
15189,1677,2,58,1441,11028,840,35,17.7966
15189,1677,2,58,1445,11028,1320,24,12.2034
15190,1652,4,58,1442,11029,760,20,30
15190,1652,4,58,1449,11029,528,12,18
15191,1709,7,59,1388,11030,1900,100,251.8182
15191,1709,7,59,1391,11030,1470,70,176.2727
15191,1709,7,59,1415,11030,7440,60,151.0909
15191,1709,7,59,1445,11030,5500,100,251.8182
15192,1709,6,59,1387,11031,810,45,56.1264
15192,1709,6,59,1399,11031,480,80,99.7802
15192,1709,6,59,1410,11031,105,21,26.1923
15192,1709,6,59,1450,11031,660,20,24.9451
15192,1709,6,59,1457,11031,352,16,19.956
15193,1727,2,60,1422,11032,665,35,235.6667
15193,1727,2,60,1424,11032,6600,25,168.3333
15193,1727,2,60,1445,11032,1650,30,202
15194,1706,7,60,1439,11033,2310,70,56.1321
15194,1706,7,60,1455,11033,1296,36,28.8679
15195,1693,8,58,1407,11034,150,15,18.1818
15195,1693,8,58,1430,11034,228,12,14.5455
15195,1693,8,58,1447,11034,174,6,7.2727
15196,1714,2,59,1387,11035,180,10,0
15196,1714,2,59,1421,11035,1080,60,0
15196,1714,2,59,1428,11035,420,30,0
15196,1714,2,59,1440,11035,70,10,0
15197,1655,8,60,1399,11036,42,7,28.1892
15197,1655,8,60,1445,11036,1650,30,120.8108
15198,1668,7,58,1456,11037,60,4,3
15199,1714,1,59,1426,11038,90,5,4.0541
15199,1714,1,59,1438,11038,14,2,1.6216
15199,1714,1,59,1457,11038,660,30,24.3243
15200,1685,1,59,1414,11039,920,20,9.8485
15200,1685,1,59,1421,11039,432,24,11.8182
15200,1685,1,59,1435,11039,1200,60,29.5455
15200,1685,1,59,1443,11039,560,28,13.7879
15201,1670,4,60,1407,11040,200,20,19
15202,1652,3,59,1388,11041,570,30,24
15202,1652,3,59,1449,11041,1320,30,24
15203,1653,2,58,1430,11042,285,15,23.6842
15203,1653,2,58,1447,11042,116,4,6.3158
15204,1712,5,59,1397,11043,210,10,9
15205,1729,4,58,1448,11044,588,12,9
15206,1648,6,59,1419,11045,45,15,27.3077
15206,1648,6,59,1437,11045,1272,24,43.6923
15207,1724,8,59,1398,11046,760,20,27.1698
15207,1724,8,59,1418,11046,480,15,20.3774
15207,1724,8,59,1421,11046,324,18,24.4528
15208,1657,7,60,1387,11047,450,25,21.3636
15208,1657,7,60,1391,11047,630,30,25.6364
15209,1648,7,60,1454,11048,546,42,24
15210,1669,3,58,1388,11049,190,10,5.7143
15210,1669,3,58,1398,11049,152,4,2.2857
15211,1662,8,59,1462,11050,900,50,59
15212,1679,7,60,1410,11051,50,10,3
15213,1672,3,58,1429,11052,1380,30,50.25
15213,1672,3,58,1447,11052,290,10,16.75
15214,1697,2,59,1404,11053,2205,35,23.1875
15214,1697,2,59,1418,11053,640,20,13.25
15214,1697,2,59,1450,11053,825,25,16.5625
15215,1650,8,58,1419,11054,30,10,0
15215,1650,8,58,1453,11054,280,20,0
15216,1673,7,59,1410,11055,75,15,25.9286
15216,1673,7,59,1411,11055,210,15,25.9286
15216,1673,7,59,1437,11055,1060,20,34.5714
15216,1673,7,59,1443,11055,400,20,34.5714
15217,1657,8,59,1393,11056,1200,40,89.28
15217,1657,8,59,1441,11056,840,35,78.12
15217,1657,8,59,1446,11056,1700,50,111.6
15218,1691,3,60,1456,11057,45,3,4
15219,1644,9,60,1407,11058,30,3,3.3214
15219,1644,9,60,1446,11058,714,21,23.25
15219,1644,9,60,1447,11058,116,4,4.4286
15220,1705,2,59,1399,11059,180,30,33.5065
15220,1705,2,59,1403,11059,468,12,13.4026
15220,1705,2,59,1446,11059,1190,35,39.0909
15221,1665,2,59,1446,11060,136,4,3.1429
15221,1665,2,59,1463,11060,130,10,7.8571
15222,1670,4,60,1446,11061,510,15,14
15223,1704,4,59,1439,11062,330,10,13.6364
15223,1704,4,59,1456,11062,180,12,16.3636
15224,1675,3,59,1420,11063,420,30,24.6
15224,1675,3,59,1426,11063,720,40,32.8
15224,1675,3,59,1427,11063,300,30,24.6
15225,1709,1,58,1403,11064,3003,77,13.3526
15225,1709,1,58,1427,11064,120,12,2.0809
15225,1709,1,58,1439,11064,825,25,4.3353
15225,1709,1,58,1441,11064,96,4,0.6936
15225,1709,1,58,1454,11064,715,55,9.5376
15226,1684,8,58,1416,11065,104,4,2.1667
15226,1684,8,58,1440,11065,140,20,10.8333
15227,1727,7,59,1402,11066,51,3,1.6875
15227,1727,7,59,1405,11066,378,42,23.625
15227,1727,7,59,1420,11066,490,35,19.6875
15228,1655,1,59,1427,11067,90,9,8
15229,1700,8,59,1414,11068,368,8,9.1111
15229,1700,8,59,1429,11068,1656,36,41
15229,1700,8,59,1463,11068,364,28,31.8889
15230,1718,1,59,1425,11069,360,20,16
15231,1682,2,58,1387,11070,720,40,49.4545
15231,1682,2,58,1388,11070,380,20,24.7273
15231,1682,2,58,1402,11070,510,30,37.0909
15231,1682,2,58,1417,11070,260,20,24.7273
15232,1684,1,58,1393,11071,450,15,0.6
15232,1684,1,58,1399,11071,60,10,0.4
15233,1658,4,59,1388,11072,152,8,10.36
15233,1658,4,59,1427,11072,400,40,51.8
15233,1658,4,59,1436,11072,352,22,28.49
15233,1658,4,59,1450,11072,4290,130,168.35
15234,1696,2,59,1397,11073,210,10,8.3333
15234,1696,2,59,1410,11073,100,20,16.6667
15235,1711,7,59,1402,11074,238,14,18
15236,1706,8,59,1388,11075,190,10,1.4286
15236,1706,8,59,1432,11075,360,30,4.2857
15236,1706,8,59,1462,11075,36,2,0.2857
15237,1647,4,59,1392,11076,500,20,15.2
15237,1647,4,59,1400,11076,460,20,15.2
15237,1647,4,59,1405,11076,90,10,7.6
15238,1703,1,59,1388,11077,456,24,3
15238,1703,1,59,1389,11077,40,4,0.5
15238,1703,1,59,1390,11077,22,1,0.125
15238,1703,1,59,1392,11077,25,1,0.125
15238,1703,1,59,1393,11077,30,1,0.125
15238,1703,1,59,1394,11077,80,2,0.25
15238,1703,1,59,1396,11077,31,1,0.125
15238,1703,1,59,1398,11077,76,2,0.25
15238,1703,1,59,1399,11077,24,4,0.5
15238,1703,1,59,1400,11077,23,1,0.125
15238,1703,1,59,1402,11077,34,2,0.25
15238,1703,1,59,1406,11077,81,1,0.125
15238,1703,1,59,1409,11077,18,2,0.25
15238,1703,1,59,1418,11077,32,1,0.125
15238,1703,1,59,1425,11077,36,2,0.25
15238,1703,1,59,1427,11077,30,3,0.375
15238,1703,1,59,1432,11077,36,3,0.375
15238,1703,1,59,1438,11077,14,2,0.25
15238,1703,1,59,1441,11077,48,2,0.25
15238,1703,1,59,1446,11077,68,2,0.25
15238,1703,1,59,1450,11077,66,2,0.25
15238,1703,1,59,1452,11077,17,1,0.125
15238,1703,1,59,1459,11077,30,2,0.25
15238,1703,1,59,1461,11077,32,4,0.5
15238,1703,1,59,1463,11077,26,2,0.25
